time,altitude,apoapsis,periapsis,speed,pitch,throttle,mass,dynamic_pressure,I_ud,F_thrust,v_h,a_h,m_start,m_final,is_MVD
0.02,80.77,82.23,-598435.37,5.49,89.96044921875,1.0,85898.11,17.84,284.2,1583571.5,0.0,0.0,85954.93,,0
1.15,91.62,102.52,-598435.58,14.58,89.96572875976562,1.0,85307.2,118.08,284.24,1583794.38,0.0,0.0,85954.93,,0
2.16,110.72,138.87,-598435.78,23.43,89.97201538085938,1.0,84727.64,309.02,284.32,1584227.75,0.0,0.0,85954.93,,0
3.18,140.04,195.05,-598435.97,32.76,89.97201538085938,1.0,84148.09,592.69,284.43,1584865.62,0.0,0.0,85954.93,,0
4.2,178.27,268.76,-598436.16,42.01,89.96572875976562,1.0,83568.53,970.28,284.58,1585704.75,0.0,0.0,85954.93,,0
5.22,225.99,361.29,-598436.34,51.36,89.97201538085938,1.0,82988.98,1442.05,284.77,1586739.62,0.0,0.0,85954.93,,0
6.24,283.3,473.01,-598436.51,60.81,90.0,1.0,82409.42,2007.31,284.99,1587963.5,0.0,0.0,85954.93,,0
7.25,348.89,601.5,-598436.67,70.16,89.97201538085938,1.0,81841.23,2650.67,285.23,1589338.25,0.0,0.0,85954.93,,0
8.26,423.87,749.06,-598436.84,79.59,89.980224609375,1.0,81261.68,3395.32,285.52,1590908.62,0.0,0.0,85954.93,,0
9.28,511.89,923.04,-598437.0,89.48,89.97201538085938,1.0,80682.12,4225.75,285.83,1592636.88,0.0,0.0,85954.93,,0
10.3,608.24,1114.27,-598437.16,99.24,89.97201538085938,1.0,80102.57,5137.55,286.16,1594510.25,0.0,0.0,85954.93,,0
11.32,714.59,1326.15,-598437.32,109.07,89.97201538085938,1.0,79523.02,6125.64,286.52,1596514.62,0.0,0.0,85954.93,,0
12.34,830.99,1559.0,-598437.47,118.97,89.96044921875,1.0,78943.46,7184.69,286.9,1598635.38,0.0,0.0,85954.93,,0
13.36,957.53,1813.15,-598437.62,128.93,89.96044921875,1.0,78363.91,8308.97,287.3,1600857.75,0.0,0.0,85954.93,,0
14.37,1091.49,2083.32,-598437.77,138.77,89.980224609375,1.0,77795.72,9468.62,287.71,1603120.62,0.0,0.0,85954.93,,0
14.48,1108.23,2117.16,-598437.79,139.96,89.96044921875,1.0,77727.53,9611.31,287.76,1603397.12,0.0,0.0,85954.93,,0
14.6,1125.11,2151.3,-598437.81,141.14,89.96044921875,1.0,77659.35,9754.72,287.81,1603674.62,0.0,0.0,85954.93,,0
14.72,1142.13,2185.75,-598437.83,142.33,89.96044921875,1.0,77591.17,9898.83,287.86,1603953.0,0.0,0.0,85954.93,,0
14.83,1156.42,2214.69,-598437.85,143.32,89.96044921875,1.0,77534.35,10019.46,287.9,1604185.75,0.0,0.0,85954.93,,0
14.94,1173.71,2249.7,-598437.87,144.51,89.96044921875,1.0,77466.16,10164.84,287.95,1604465.75,0.0,0.0,85954.93,,0
15.06,1191.13,2285.02,-598437.9,145.7,89.97201538085938,1.0,77397.98,10310.89,288.0,1604746.88,0.0,0.0,85954.93,,0
15.17,1208.7,2320.64,-598437.92,146.89,89.97201538085938,1.0,77329.8,10457.61,288.05,1605028.62,0.0,0.0,85954.93,,0
15.3,1223.45,2350.57,-598437.93,147.88,89.97201538085938,1.0,77272.98,10580.37,288.09,1605264.12,0.0,0.0,85954.93,,0
15.4,1241.28,2386.76,-598437.95,149.08,89.96572875976562,1.0,77204.8,10728.26,288.14,1605547.38,0.0,0.0,85954.93,,0
15.52,1259.26,2423.26,-598437.97,150.27,89.97201538085938,1.0,77136.62,10876.78,288.19,1605831.5,0.0,0.0,85954.93,,0
15.64,1277.38,2460.07,-598437.98,151.47,90.0,1.0,77068.43,11025.9,288.25,1606116.5,0.0,0.0,85954.93,,0
15.76,1295.64,2497.19,-598437.99,152.66,89.97201538085938,1.0,77000.25,11175.62,288.3,1606402.25,0.0,0.0,85954.93,,0
15.87,1314.04,2534.63,-598438.0,153.86,89.97201538085938,1.0,76932.07,11325.93,288.35,1606688.5,0.0,0.0,85954.93,,0
16.0,1332.59,2572.37,-598438.01,155.06,89.97201538085938,1.0,76863.88,11476.79,288.4,1606975.62,0.0,0.0,85954.93,,0
16.11,1351.28,2610.42,-598438.01,156.26,89.96044921875,1.0,76795.7,11628.21,288.45,1607263.38,0.0,0.0,85954.93,,0
16.24,1370.12,2648.79,-598438.0,157.46,89.9515380859375,1.0,76727.52,11780.15,288.5,1607551.88,0.0,0.0,85954.93,,0
16.36,1389.1,2687.47,-598437.98,158.66,89.93438720703125,1.0,76659.34,11932.61,288.55,1607840.88,0.0,0.0,85954.93,,0
16.48,1405.03,2719.93,-598437.95,159.66,89.91607666015625,1.0,76591.16,12085.56,288.61,1608130.5,0.0,0.0,85954.93,,0
16.59,1427.49,2765.75,-598437.89,161.06,89.89166259765625,1.0,76522.97,12238.97,288.66,1608420.62,0.0,0.0,85954.93,,0
16.72,1446.91,2805.36,-598437.82,162.26,89.86294555664062,1.0,76454.79,12392.84,288.71,1608711.5,0.0,0.0,85954.93,,0
16.83,1463.19,2838.6,-598437.74,163.26,89.83685302734375,1.0,76397.97,12521.4,288.75,1608954.25,0.0,0.0,85954.93,,0
16.94,1482.87,2878.78,-598437.61,164.47,89.80416870117188,1.0,76329.79,12676.04,288.81,1609246.12,0.0,0.0,85954.93,,0
17.06,1502.69,2919.27,-598437.45,165.67,89.769287109375,1.0,76261.6,12831.08,288.86,1609538.38,0.0,0.0,85954.93,,0
17.18,1522.66,2960.06,-598437.26,166.88,89.73312377929688,1.0,76193.42,12986.49,288.91,1609831.12,0.0,0.0,85954.93,,0
17.3,1542.77,3001.17,-598437.02,168.08,89.69482421875,1.0,76125.23,13142.26,288.96,1610124.5,0.0,0.0,85954.93,,0
17.41,1563.03,3042.59,-598436.75,169.29,89.6573486328125,1.0,76057.05,13298.37,289.02,1610418.12,0.0,0.0,85954.93,,0
17.54,1580.02,3077.34,-598436.5,170.3,89.62466430664062,1.0,76000.23,13428.72,289.06,1610663.25,0.0,0.0,85954.93,,0
17.64,1600.54,3119.32,-598436.16,171.5,89.58599853515625,1.0,75932.05,13585.42,289.11,1610957.62,0.0,0.0,85954.93,,0
17.76,1617.75,3154.55,-598435.85,172.51,89.55499267578125,1.0,75875.23,13716.24,289.16,1611203.38,0.0,0.0,85954.93,,0
17.86,1638.54,3197.1,-598435.46,173.72,89.51702880859375,1.0,75807.05,13873.48,289.21,1611498.38,0.0,0.0,85954.93,,0
17.98,1659.47,3239.97,-598435.05,174.93,89.47848510742188,1.0,75738.87,14031.0,289.26,1611794.0,0.0,0.0,85954.93,,0
18.1,1680.55,3283.15,-598434.61,176.14,89.43698120117188,1.0,75670.69,14188.77,289.32,1612089.62,0.0,0.0,85954.93,,0
18.21,1698.23,3319.37,-598434.22,177.14,89.39932250976562,1.0,75613.87,14320.42,289.36,1612336.38,0.0,0.0,85954.93,,0
18.31,1719.57,3363.12,-598433.7,178.35,89.353515625,1.0,75545.68,14478.6,289.41,1612632.62,0.0,0.0,85954.93,,0
18.44,1741.06,3407.18,-598433.12,179.56,89.3067626953125,1.0,75477.5,14636.98,289.47,1612929.12,0.0,0.0,85954.93,,0
18.56,1762.69,3451.55,-598432.5,180.78,89.26034545898438,1.0,75409.32,14795.54,289.52,1613226.12,0.0,0.0,85954.93,,0
18.67,1780.83,3488.76,-598431.94,181.78,89.22216796875,1.0,75352.5,14927.8,289.57,1613473.5,0.0,0.0,85954.93,,0
18.78,1802.73,3533.71,-598431.23,183.0,89.17861938476562,1.0,75284.32,15086.65,289.62,1613770.75,0.0,0.0,85954.93,,0
18.9,1824.78,3578.96,-598430.47,184.21,89.13543701171875,1.0,75216.13,15245.65,289.67,1614068.12,0.0,0.0,85954.93,,0
19.02,1846.97,3624.53,-598429.68,185.42,89.094970703125,1.0,75147.95,15404.79,289.73,1614365.62,0.0,0.0,85954.93,,0
19.13,1865.58,3662.75,-598429.0,186.43,89.06121826171875,1.0,75091.13,15537.51,289.77,1614613.88,0.0,0.0,85954.93,,0
19.24,1888.03,3708.89,-598428.15,187.65,89.0228271484375,1.0,75022.95,15696.88,289.82,1614911.62,0.0,0.0,85954.93,,0
19.36,1910.64,3755.35,-598427.27,188.86,88.983154296875,1.0,74954.77,15856.34,289.88,1615209.5,0.0,0.0,85954.93,,0
19.48,1933.39,3802.13,-598426.35,190.07,88.9437255859375,1.0,74886.59,16015.9,289.93,1615507.5,0.0,0.0,85954.93,,0
19.6,1956.28,3849.23,-598425.41,191.29,88.90316772460938,1.0,74818.4,16175.53,289.98,1615805.62,0.0,0.0,85954.93,,0
19.72,1979.33,3896.64,-598424.42,192.5,88.8616943359375,1.0,74750.22,16335.22,290.04,1616103.88,0.0,0.0,85954.93,,0
19.84,2002.51,3944.36,-598423.41,193.72,88.8179931640625,1.0,74682.04,16494.93,290.09,1616402.0,0.0,0.0,85954.93,,0
19.96,2025.85,3992.41,-598422.35,194.94,88.77252197265625,1.0,74613.85,16654.67,290.14,1616700.25,0.0,0.0,85954.93,,0
20.07,2049.33,4040.76,-598421.24,196.15,88.72528076171875,1.0,74545.67,16814.39,290.2,1616998.5,0.0,0.0,85954.93,,0
20.2,2072.95,4089.44,-598420.08,197.37,88.67648315429688,1.0,74477.48,16974.08,290.25,1617296.75,0.0,0.0,85954.93,,0
20.31,2092.75,4130.24,-598419.08,198.39,88.63543701171875,1.0,74420.66,17107.13,290.3,1617545.25,0.0,0.0,85954.93,,0
20.42,2116.65,4179.49,-598417.82,199.6,88.58529663085938,1.0,74352.48,17266.72,290.35,1617843.5,0.0,0.0,85954.93,,0
20.53,2140.69,4229.05,-598416.51,200.82,88.5352783203125,1.0,74284.3,17426.24,290.4,1618141.62,0.0,0.0,85954.93,,0
20.65,2160.83,4270.6,-598415.37,201.84,88.494140625,1.0,74227.48,17559.11,290.45,1618390.0,0.0,0.0,85954.93,,0
20.76,2185.14,4320.74,-598413.96,203.06,88.446044921875,1.0,74159.3,17718.45,290.5,1618688.0,0.0,0.0,85954.93,,0
20.88,2209.59,4371.2,-598412.5,204.28,88.399169921875,1.0,74091.12,17877.68,290.56,1618985.88,0.0,0.0,85954.93,,0
21.0,2234.2,4421.98,-598410.99,205.5,88.35385131835938,1.0,74022.94,18036.79,290.61,1619283.62,0.0,0.0,85954.93,,0
21.12,2254.81,4464.54,-598409.7,206.51,88.31671142578125,1.0,73966.12,18169.29,290.65,1619531.62,0.0,0.0,85954.93,,0
21.22,2279.68,4515.91,-598408.13,207.74,88.27264404296875,1.0,73897.93,18328.15,290.71,1619829.25,0.0,0.0,85954.93,,0
21.34,2304.69,4567.59,-598406.55,208.96,88.22634887695312,1.0,73829.75,18486.85,290.76,1620126.62,0.0,0.0,85954.93,,0
21.45,2329.86,4619.6,-598404.93,210.18,88.17327880859375,1.0,73761.56,18645.36,290.81,1620423.88,0.0,0.0,85954.93,,0
21.58,2355.16,4671.91,-598403.24,211.4,88.11508178710938,1.0,73693.38,18803.64,290.87,1620720.75,0.0,0.0,85954.93,,0
21.7,2380.62,4724.54,-598401.48,212.62,88.05337524414062,1.0,73625.2,18961.67,290.92,1621017.62,0.0,0.0,85954.93,,0
21.81,2406.22,4777.49,-598399.63,213.84,87.9898681640625,1.0,73557.02,19119.42,290.97,1621314.25,0.0,0.0,85954.93,,0
21.94,2431.97,4830.74,-598397.7,215.07,87.92669677734375,1.0,73488.84,19276.86,291.03,1621610.62,0.0,0.0,85954.93,,0
22.05,2453.54,4875.37,-598396.02,216.09,87.87606811523438,1.0,73432.02,19407.83,291.07,1621857.38,0.0,0.0,85954.93,,0
22.16,2479.56,4929.2,-598393.93,217.31,87.8182373046875,1.0,73363.84,19564.7,291.12,1622153.38,0.0,0.0,85954.93,,0
22.27,2501.35,4974.3,-598392.14,218.33,87.77340698242188,1.0,73307.02,19695.19,291.17,1622399.88,0.0,0.0,85954.93,,0
22.38,2527.64,5028.72,-598389.94,219.55,87.72357177734375,1.0,73238.83,19851.5,291.22,1622695.25,0.0,0.0,85954.93,,0
22.5,2554.07,5083.45,-598387.69,220.77,87.67745971679688,1.0,73170.65,20007.5,291.27,1622990.38,0.0,0.0,85954.93,,0
22.62,2580.65,5138.51,-598385.41,222.0,87.63446044921875,1.0,73102.47,20163.19,291.33,1623285.25,0.0,0.0,85954.93,,0
22.73,2602.92,5184.65,-598383.48,223.02,87.59979248046875,1.0,73045.65,20292.71,291.37,1623530.62,0.0,0.0,85954.93,,0
22.84,2629.77,5240.31,-598381.15,224.24,87.55728149414062,1.0,72977.47,20447.84,291.42,1623825.0,0.0,0.0,85954.93,,0
22.95,2656.76,5296.29,-598378.78,225.47,87.51272583007812,1.0,72909.28,20602.62,291.48,1624119.0,0.0,0.0,85954.93,,0
23.08,2683.91,5352.6,-598376.37,226.7,87.46548461914062,1.0,72841.1,20757.05,291.53,1624412.5,0.0,0.0,85954.93,,0
23.19,2711.2,5409.24,-598373.92,227.92,87.41485595703125,1.0,72772.91,20911.1,291.58,1624705.75,0.0,0.0,85954.93,,0
23.32,2738.63,5466.2,-598371.41,229.15,87.36062622070312,1.0,72704.73,21064.72,291.63,1624998.62,0.0,0.0,85954.93,,0
23.44,2766.22,5523.48,-598368.83,230.38,87.30316162109375,1.0,72636.55,21217.9,291.69,1625291.25,0.0,0.0,85954.93,,0
23.56,2793.95,5581.08,-598366.18,231.61,87.2427978515625,1.0,72568.37,21370.61,291.74,1625583.38,0.0,0.0,85954.93,,0
23.67,2817.18,5629.32,-598363.91,232.63,87.19134521484375,1.0,72511.55,21497.49,291.78,1625826.5,0.0,0.0,85954.93,,0
23.78,2845.18,5687.5,-598361.11,233.86,87.12899780273438,1.0,72443.37,21649.28,291.84,1626117.88,0.0,0.0,85954.93,,0
23.9,2873.33,5746.0,-598358.22,235.09,87.06735229492188,1.0,72375.18,21800.55,291.89,1626408.88,0.0,0.0,85954.93,,0
24.02,2901.63,5804.83,-598355.25,236.32,87.0076904296875,1.0,72307.0,21951.28,291.94,1626699.38,0.0,0.0,85954.93,,0
24.14,2925.32,5854.09,-598352.71,237.34,86.95135498046875,1.0,72238.82,22101.48,291.99,1626989.62,0.0,0.0,85954.93,,0
24.26,2958.66,5923.44,-598349.1,238.78,86.89727783203125,1.0,72170.63,22251.16,292.04,1627279.38,0.0,0.0,85954.93,,0
24.37,2982.6,5973.24,-598346.47,239.8,86.85379028320312,1.0,72113.81,22375.48,292.09,1627520.38,0.0,0.0,85954.93,,0
24.48,3011.46,6033.31,-598343.27,241.03,86.80224609375,1.0,72045.63,22524.17,292.14,1627809.38,0.0,0.0,85954.93,,0
24.59,3035.63,6083.62,-598340.56,242.06,86.75912475585938,1.0,71988.81,22647.67,292.18,1628049.62,0.0,0.0,85954.93,,0
24.7,3064.76,6144.29,-598337.28,243.29,86.70669555664062,1.0,71920.63,22795.35,292.23,1628337.62,0.0,0.0,85954.93,,0
24.82,3094.04,6205.29,-598333.97,244.52,86.65151977539062,1.0,71852.45,22942.44,292.29,1628625.25,0.0,0.0,85954.93,,0
24.93,3118.55,6256.36,-598331.17,245.55,86.59878540039062,1.0,71795.62,23064.55,292.33,1628864.5,0.0,0.0,85954.93,,0
25.04,3148.1,6317.95,-598327.74,246.78,86.52880859375,1.0,71727.45,23210.46,292.38,1629151.12,0.0,0.0,85954.93,,0
25.15,3172.84,6369.52,-598324.79,247.81,86.46719360351562,1.0,71670.62,23331.53,292.42,1629389.62,0.0,0.0,85954.93,,0
25.26,3202.66,6431.69,-598321.13,249.04,86.39227294921875,1.0,71602.45,23476.15,292.47,1629675.38,0.0,0.0,85954.93,,0
25.38,3227.63,6483.74,-598317.98,250.07,86.31942749023438,1.0,71534.26,23620.03,292.52,1629960.5,0.0,0.0,85954.93,,0
25.5,3262.75,6556.97,-598313.44,251.51,86.25137329101562,1.0,71466.08,23763.18,292.58,1630245.25,0.0,0.0,85954.93,,0
25.61,3287.96,6609.56,-598310.12,252.54,86.1993408203125,1.0,71409.26,23881.93,292.62,1630482.12,0.0,0.0,85954.93,,0
25.72,3313.27,6662.37,-598306.75,253.57,86.15130615234375,1.0,71352.44,24000.2,292.66,1630718.62,0.0,0.0,85954.93,,0
25.82,3343.78,6726.04,-598302.65,254.8,86.09796142578125,1.0,71284.26,24141.5,292.71,1631001.75,0.0,0.0,85954.93,,0
25.94,3374.44,6790.05,-598298.5,256.04,86.04827880859375,1.0,71216.08,24282.13,292.76,1631284.5,0.0,0.0,85954.93,,0
26.05,3400.1,6843.65,-598295.01,257.07,86.009033203125,1.0,71159.26,24398.82,292.8,1631519.75,0.0,0.0,85954.93,,0
26.16,3431.03,6908.29,-598290.79,258.3,85.96270751953125,1.0,71091.07,24538.24,292.86,1631801.5,0.0,0.0,85954.93,,0
26.27,3456.92,6962.41,-598287.25,259.33,85.9227294921875,1.0,71034.25,24653.91,292.9,1632035.75,0.0,0.0,85954.93,,0
26.38,3488.12,7027.67,-598282.98,260.57,85.871826171875,1.0,70966.07,24792.08,292.95,1632316.5,0.0,0.0,85954.93,,0
26.49,3514.23,7082.32,-598279.41,261.61,85.824951171875,1.0,70909.25,24906.65,292.99,1632550.0,0.0,0.0,85954.93,,0
26.6,3545.7,7148.19,-598275.08,262.85,85.75656127929688,1.0,70841.07,25043.41,293.04,1632829.62,0.0,0.0,85954.93,,0
26.72,3577.32,7214.39,-598270.63,264.09,85.67779541015625,1.0,70772.88,25179.32,293.09,1633108.75,0.0,0.0,85954.93,,0
26.84,3609.09,7280.91,-598266.04,265.33,85.59347534179688,1.0,70704.7,25314.33,293.14,1633387.12,0.0,0.0,85954.93,,0
26.96,3641.01,7347.73,-598261.29,266.57,85.50735473632812,1.0,70636.52,25448.41,293.19,1633665.12,0.0,0.0,85954.93,,0
27.08,3667.72,7403.66,-598257.2,267.6,85.4237060546875,1.0,70568.34,25581.54,293.24,1633942.5,0.0,0.0,85954.93,,0
27.2,3705.28,7482.34,-598251.32,269.05,85.34600830078125,1.0,70500.16,25713.73,293.29,1634219.12,0.0,0.0,85954.93,,0
27.32,3737.64,7550.12,-598246.15,270.29,85.2757568359375,1.0,70431.98,25845.01,293.34,1634495.25,0.0,0.0,85954.93,,0
27.44,3770.15,7618.24,-598240.91,271.53,85.21343994140625,1.0,70363.79,25975.43,293.39,1634770.75,0.0,0.0,85954.93,,0
27.56,3802.81,7686.69,-598235.62,272.77,85.1573486328125,1.0,70295.6,26105.01,293.44,1635045.75,0.0,0.0,85954.93,,0
27.68,3835.62,7755.5,-598230.29,274.01,85.10528564453125,1.0,70227.42,26233.77,293.49,1635320.0,0.0,0.0,85954.93,,0
27.8,3868.57,7824.65,-598224.94,275.26,85.0543212890625,1.0,70159.24,26361.72,293.54,1635593.75,0.0,0.0,85954.93,,0
27.92,3901.67,7894.16,-598219.57,276.5,85.00149536132812,1.0,70091.05,26488.86,293.58,1635866.75,0.0,0.0,85954.93,,0
28.03,3929.37,7952.35,-598215.07,277.54,84.95440673828125,1.0,70034.24,26594.15,293.63,1636093.88,0.0,0.0,85954.93,,0
28.14,3962.74,8022.49,-598209.63,278.79,84.89263916015625,1.0,69966.05,26719.69,293.67,1636365.75,0.0,0.0,85954.93,,0
28.26,3996.27,8092.98,-598204.1,280.03,84.8248291015625,1.0,69897.88,26844.31,293.72,1636637.12,0.0,0.0,85954.93,,0
28.38,4029.94,8163.8,-598198.49,281.28,84.75274658203125,1.0,69829.69,26967.97,293.77,1636907.75,0.0,0.0,85954.93,,0
28.52,4063.76,8234.96,-598192.77,282.53,84.66506958007812,1.0,69727.41,27151.59,293.84,1637312.62,0.0,0.0,85954.93,,0
28.73,4114.77,8342.31,-598183.95,284.41,84.54998779296875,1.0,69647.87,27292.81,293.9,1637626.5,0.0,0.0,85954.93,,0
28.86,4166.11,8450.41,-598174.84,286.28,84.45938110351562,1.0,69556.96,27452.44,293.96,1637984.25,0.0,0.0,85954.93,,0
28.98,4200.53,8522.88,-598168.69,287.53,84.3994140625,1.0,69488.77,27570.89,294.01,1638251.75,0.0,0.0,85954.93,,0
29.1,4229.32,8583.53,-598163.55,288.57,84.35000610351562,1.0,69431.96,27668.73,294.05,1638474.25,0.0,0.0,85954.93,,0
29.2,4258.21,8644.39,-598158.39,289.62,84.29910278320312,1.0,69375.14,27765.74,294.09,1638696.25,0.0,0.0,85954.93,,0
29.31,4293.03,8717.7,-598152.14,290.87,84.23388671875,1.0,69306.95,27880.97,294.14,1638962.0,0.0,0.0,85954.93,,0
29.43,4327.99,8791.3,-598145.81,292.11,84.16485595703125,1.0,69238.77,27994.81,294.19,1639227.12,0.0,0.0,85954.93,,0
29.54,4363.1,8865.17,-598139.39,293.36,84.09414672851562,1.0,69170.59,28107.17,294.24,1639491.75,0.0,0.0,85954.93,,0
29.66,4398.35,8939.3,-598132.87,294.61,84.02227783203125,1.0,69102.41,28217.94,294.28,1639755.5,0.0,0.0,85954.93,,0
29.77,4427.85,9001.26,-598127.37,295.64,83.961669921875,1.0,69045.59,28308.96,294.32,1639974.88,0.0,0.0,85954.93,,0
29.88,4457.44,9063.37,-598121.81,296.68,83.90093994140625,1.0,68988.77,28398.76,294.36,1640193.75,0.0,0.0,85954.93,,0
29.98,4493.09,9138.1,-598115.06,297.92,83.82821655273438,1.0,68920.59,28504.82,294.41,1640455.88,0.0,0.0,85954.93,,0
30.1,4528.89,9213.03,-598108.26,299.15,83.7532958984375,1.0,68852.41,28608.94,294.46,1640717.25,0.0,0.0,85954.93,,0
30.21,4558.83,9275.62,-598102.53,300.18,83.685302734375,1.0,68795.59,28694.18,294.49,1640934.62,0.0,0.0,85954.93,,0
30.32,4594.89,9350.89,-598095.54,301.4,83.5994873046875,1.0,68727.4,28794.59,294.54,1641194.75,0.0,0.0,85954.93,,0
30.44,4625.06,9413.74,-598089.6,302.42,83.52667236328125,1.0,68670.59,28876.69,294.58,1641411.0,0.0,0.0,85954.93,,0
30.54,4661.39,9489.32,-598082.34,303.64,83.44134521484375,1.0,68602.4,28973.32,294.63,1641670.0,0.0,0.0,85954.93,,0
30.66,4691.77,9552.43,-598076.18,304.66,83.37359619140625,1.0,68545.58,29052.29,294.66,1641885.25,0.0,0.0,85954.93,,0
30.78,4734.48,9641.01,-598067.41,306.07,83.28677368164062,1.0,68466.03,29160.57,294.72,1642185.75,0.0,0.0,85954.93,,0
30.92,4777.38,9729.86,-598058.53,307.48,83.20956420898438,1.0,68386.48,29266.32,294.77,1642485.25,0.0,0.0,85954.93,,0
31.05,4814.31,9806.27,-598050.86,308.69,83.14962768554688,1.0,68318.3,29355.06,294.82,1642741.25,0.0,0.0,85954.93,,0
31.18,4857.57,9895.72,-598041.89,310.1,83.0804443359375,1.0,68238.76,29456.49,294.87,1643039.0,0.0,0.0,85954.93,,0
31.32,4901.03,9985.5,-598032.84,311.5,83.0052490234375,1.0,68159.21,29555.73,294.93,1643335.75,0.0,0.0,85954.93,,0
31.45,4938.43,10062.74,-598024.96,312.7,82.93954467773438,1.0,68091.02,29639.12,294.97,1643589.38,0.0,0.0,85954.93,,0
31.58,4982.24,10153.2,-598015.68,314.1,82.86639404296875,1.0,68011.48,29734.56,295.02,1643884.38,0.0,0.0,85954.93,,0
31.72,5026.25,10244.05,-598006.32,315.5,82.78826904296875,1.0,67931.94,29828.08,295.08,1644178.5,0.0,0.0,85954.93,,0
31.85,5064.12,10322.25,-597998.23,316.7,82.71551513671875,1.0,67863.75,29906.78,295.12,1644429.75,0.0,0.0,85954.93,,0
31.98,5108.49,10413.86,-597988.69,318.11,82.6212158203125,1.0,67784.2,29996.88,295.17,1644721.88,0.0,0.0,85954.93,,0
32.12,5153.04,10505.87,-597978.96,319.51,82.514892578125,1.0,67704.66,30085.15,295.23,1645013.25,0.0,0.0,85954.93,,0
32.24,5191.39,10585.05,-597970.45,320.71,82.4173583984375,1.0,67636.48,30159.37,295.27,1645262.12,0.0,0.0,85954.93,,0
32.38,5236.31,10677.82,-597960.28,322.11,82.2987060546875,1.0,67556.93,30244.29,295.32,1645551.62,0.0,0.0,85954.93,,0
32.51,5274.96,10757.66,-597951.32,323.31,82.19619750976562,1.0,67488.74,30315.72,295.37,1645799.0,0.0,0.0,85954.93,,0
32.64,5320.23,10851.23,-597940.53,324.72,82.08807373046875,1.0,67409.2,30397.63,295.42,1646086.62,0.0,0.0,85954.93,,0
32.78,5365.7,10945.32,-597929.51,326.13,82.00396728515625,1.0,67329.66,30478.3,295.47,1646373.25,0.0,0.0,85954.93,,0
32.9,5398.29,11012.89,-597921.57,327.14,81.95407104492188,1.0,67272.84,30535.38,295.51,1646577.5,0.0,0.0,85954.93,,0
33.0,5437.53,11094.42,-597912.04,328.36,81.90118408203125,1.0,67204.65,30603.42,295.55,1646821.88,0.0,0.0,85954.93,,0
33.13,5476.92,11176.46,-597902.49,329.58,81.8492431640625,1.0,67136.47,30671.08,295.59,1647065.5,0.0,0.0,85954.93,,0
33.26,5523.05,11272.82,-597891.32,331.01,81.78228759765625,1.0,67056.92,30749.55,295.65,1647349.0,0.0,0.0,85954.93,,0
33.39,5562.75,11355.98,-597881.68,332.25,81.7161865234375,1.0,66988.74,30816.38,295.69,1647591.12,0.0,0.0,85954.93,,0
33.51,5602.59,11439.64,-597871.96,333.49,81.63885498046875,1.0,66920.55,30882.71,295.73,1647832.62,0.0,0.0,85954.93,,0
33.64,5649.26,11537.84,-597860.46,334.94,81.53225708007812,1.0,66841.01,30959.31,295.78,1648113.5,0.0,0.0,85954.93,,0
33.77,5689.42,11622.49,-597850.37,336.2,81.42877197265625,1.0,66772.83,31024.14,295.83,1648353.5,0.0,0.0,85954.93,,0
33.9,5736.46,11721.79,-597838.31,337.66,81.30059814453125,1.0,66693.28,31098.64,295.88,1648632.5,0.0,0.0,85954.93,,0
34.03,5776.94,11807.34,-597827.69,338.92,81.18887329101562,1.0,66625.09,31161.45,295.92,1648871.12,0.0,0.0,85954.93,,0
34.16,5824.35,11907.66,-597814.98,340.39,81.06365966796875,1.0,66545.55,31233.45,295.97,1649148.5,0.0,0.0,85954.93,,0
34.3,5871.96,12008.55,-597801.95,341.87,80.94873046875,1.0,66466.0,31304.13,296.02,1649425.0,0.0,0.0,85954.93,,0
34.43,5912.92,12095.5,-597790.57,343.14,80.84646606445312,1.0,66386.45,31373.55,296.07,1649700.62,0.0,0.0,85954.93,,0
34.55,5960.91,12197.51,-597777.04,344.62,80.77273559570312,1.0,66318.27,31432.15,296.11,1649936.12,0.0,0.0,85954.93,,0
34.69,6002.2,12285.48,-597765.35,345.9,80.71524047851562,1.0,66250.09,31490.01,296.15,1650170.88,0.0,0.0,85954.93,,0
34.82,6050.56,12388.78,-597751.68,347.4,80.6568603515625,1.0,66170.55,31556.65,296.2,1650444.0,0.0,0.0,85954.93,,0
34.96,6092.17,12477.87,-597739.96,348.69,80.59808349609375,1.0,66091.0,31622.22,296.25,1650716.12,0.0,0.0,85954.93,,0
35.08,6140.91,12582.42,-597726.3,350.2,80.54107666015625,1.0,66022.81,31677.39,296.29,1650948.75,0.0,0.0,85954.93,,0
35.22,6182.85,12672.5,-597714.56,351.5,80.45748901367188,1.0,65943.27,31740.13,296.34,1651219.25,0.0,0.0,85954.93,,0
35.36,6239.0,12793.15,-597698.76,353.23,80.35018920898438,1.0,65863.72,31800.73,296.39,1651488.88,0.0,0.0,85954.93,,0
35.5,6288.36,12899.15,-597684.66,354.75,80.22186279296875,1.0,65784.18,31858.86,296.44,1651757.62,0.0,0.0,85954.93,,0
35.63,6330.83,12990.25,-597672.26,356.04,80.07748413085938,1.0,65704.62,31914.28,296.48,1652025.38,0.0,0.0,85954.93,,0
35.77,6380.56,13096.81,-597657.3,357.55,79.95626831054688,1.0,65636.45,31959.57,296.53,1652254.12,0.0,0.0,85954.93,,0
35.9,6430.5,13203.7,-597641.91,359.06,79.83819580078125,1.0,65556.9,32010.0,296.57,1652520.12,0.0,0.0,85954.93,,0
36.04,6480.64,13311.02,-597626.28,360.57,79.7415771484375,1.0,65477.35,32058.17,296.62,1652785.38,0.0,0.0,85954.93,,0
36.18,6523.78,13403.43,-597612.78,361.87,79.66397094726562,1.0,65386.44,32110.89,296.68,1653087.25,0.0,0.0,85954.93,,0
36.36,6588.76,13542.88,-597592.5,363.82,79.58599853515625,1.0,65306.89,32155.24,296.72,1653350.38,0.0,0.0,85954.93,,0
36.47,6625.02,13620.8,-597581.25,364.9,79.5340576171875,1.0,65250.07,32185.92,296.76,1653537.88,0.0,0.0,85954.93,,0
36.57,6668.65,13714.71,-597567.74,366.21,79.4598388671875,1.0,65181.89,32221.52,296.8,1653762.12,0.0,0.0,85954.93,,0
36.68,6712.44,13809.0,-597554.11,367.51,79.36883544921875,1.0,65113.71,32255.65,296.84,1653985.62,0.0,0.0,85954.93,,0
36.8,6756.38,13903.63,-597540.28,368.82,79.26416015625,1.0,65045.53,32288.14,296.88,1654208.5,0.0,0.0,85954.93,,0
36.92,6800.47,13998.56,-597526.19,370.13,79.14920043945312,1.0,64977.35,32318.84,296.92,1654430.75,0.0,0.0,85954.93,,0
37.03,6837.33,14077.88,-597514.22,371.22,79.02932739257812,1.0,64909.16,32347.65,296.96,1654652.38,0.0,0.0,85954.93,,0
37.15,6881.69,14173.3,-597499.57,372.53,78.93057250976562,1.0,64852.34,32370.22,296.99,1654836.38,0.0,0.0,85954.93,,0
37.26,6918.78,14253.03,-597487.12,373.62,78.8365478515625,1.0,64795.53,32391.5,297.02,1655020.12,0.0,0.0,85954.93,,0
37.36,6955.96,14332.96,-597474.48,374.71,78.7498779296875,1.0,64738.7,32411.57,297.05,1655203.12,0.0,0.0,85954.93,,0
37.46,6993.26,14413.13,-597461.66,375.8,78.67282104492188,1.0,64681.88,32430.53,297.09,1655385.75,0.0,0.0,85954.93,,0
37.57,7030.65,14493.58,-597448.72,376.89,78.60665893554688,1.0,64625.07,32448.49,297.12,1655568.0,0.0,0.0,85954.93,,0
37.67,7068.15,14574.34,-597435.7,377.99,78.54058837890625,1.0,64556.89,32468.9,297.16,1655786.0,0.0,0.0,85954.93,,0
37.79,7113.29,14671.73,-597420.09,379.3,78.49169921875,1.0,64500.07,32485.06,297.19,1655967.12,0.0,0.0,85954.93,,0
37.89,7158.58,14769.63,-597404.48,380.62,78.4281005859375,1.0,64431.88,32503.42,297.23,1656183.75,0.0,0.0,85954.93,,0
38.0,7196.43,14851.59,-597391.44,381.73,78.3548583984375,1.0,64363.7,32520.6,297.27,1656399.62,0.0,0.0,85954.93,,0
38.12,7241.99,14950.38,-597375.69,383.06,78.28570556640625,1.0,64306.88,32533.93,297.3,1656579.12,0.0,0.0,85954.93,,0
38.23,7280.08,15033.03,-597362.46,384.17,78.20761108398438,1.0,64250.06,32546.26,297.33,1656758.12,0.0,0.0,85954.93,,0
38.33,7325.92,15132.57,-597346.37,385.5,78.10244750976562,1.0,64181.88,32559.63,297.37,1656972.25,0.0,0.0,85954.93,,0
38.45,7371.92,15232.45,-597329.98,386.84,77.99017333984375,1.0,64113.7,32571.34,297.41,1657185.75,0.0,0.0,85954.93,,0
38.56,7418.06,15332.67,-597313.29,388.17,77.87771606445312,1.0,64045.51,32581.34,297.45,1657398.5,0.0,0.0,85954.93,,0
38.68,7456.63,15416.45,-597299.15,389.29,77.78704833984375,1.0,63988.7,32588.38,297.48,1657575.25,0.0,0.0,85954.93,,0
38.78,7503.05,15517.32,-597281.94,390.63,77.68453979492188,1.0,63920.51,32595.35,297.52,1657786.62,0.0,0.0,85954.93,,0
38.9,7549.63,15618.59,-597264.49,391.97,77.5904541015625,1.0,63852.33,32600.79,297.56,1657997.38,0.0,0.0,85954.93,,0
39.01,7588.55,15703.32,-597249.8,393.09,77.5194091796875,1.0,63795.51,32604.26,297.59,1658172.38,0.0,0.0,85954.93,,0
39.12,7635.4,15805.44,-597232.04,394.43,77.44204711914062,1.0,63727.33,32607.23,297.63,1658381.88,0.0,0.0,85954.93,,0
39.24,7674.56,15890.94,-597217.15,395.56,77.38128662109375,1.0,63670.51,32608.78,297.66,1658555.88,0.0,0.0,85954.93,,0
39.34,7721.69,15994.04,-597199.22,396.92,77.3099365234375,1.0,63602.32,32609.55,297.69,1658763.88,0.0,0.0,85954.93,,0
39.46,7768.98,16097.68,-597181.29,398.28,77.23269653320312,1.0,63534.14,32609.09,297.73,1658971.25,0.0,0.0,85954.93,,0
39.57,7808.5,16184.42,-597166.29,399.42,77.15335083007812,1.0,63477.32,32607.64,297.76,1659143.62,0.0,0.0,85954.93,,0
39.68,7856.06,16288.91,-597148.09,400.78,77.04116821289062,1.0,63409.14,32604.47,297.8,1659349.62,0.0,0.0,85954.93,,0
39.8,7903.78,16393.77,-597129.55,402.15,76.91534423828125,1.0,63340.96,32599.59,297.84,1659555.0,0.0,0.0,85954.93,,0
39.91,7951.66,16498.93,-597110.62,403.52,76.78329467773438,1.0,63272.77,32592.86,297.87,1659759.62,0.0,0.0,85954.93,,0
40.04,7999.68,16604.41,-597091.28,404.89,76.6529541015625,1.0,63204.59,32584.25,297.91,1659963.62,0.0,0.0,85954.93,,0
40.16,8047.86,16710.2,-597071.55,406.27,76.53115844726562,1.0,63136.41,32573.83,297.95,1660166.88,0.0,0.0,85954.93,,0
40.3,8104.27,16834.11,-597048.12,407.87,76.40628051757812,1.0,63056.86,32559.57,297.99,1660402.88,0.0,0.0,85954.93,,0
40.43,8152.78,16940.81,-597027.75,409.25,76.31524658203125,1.0,62988.68,32545.75,298.02,1660604.62,0.0,0.0,85954.93,,0
40.56,8201.44,17048.03,-597007.13,410.63,76.241455078125,1.0,62920.5,32530.68,298.06,1660805.38,0.0,0.0,85954.93,,0
40.68,8258.41,17173.92,-596982.97,412.25,76.1800537109375,1.0,62840.95,32511.81,298.1,1661038.88,0.0,0.0,85954.93,,0
40.82,8315.6,17300.79,-596958.84,413.89,76.12750244140625,1.0,62761.4,32491.78,298.14,1661271.25,0.0,0.0,85954.93,,0
40.96,8372.99,17428.65,-596934.8,415.53,76.06845092773438,1.0,62681.86,32470.54,298.19,1661502.62,0.0,0.0,85954.93,,0
41.09,8422.36,17539.0,-596914.23,416.95,75.9993896484375,1.0,62613.67,32451.19,298.22,1661700.12,0.0,0.0,85954.93,,0
41.22,8480.15,17668.48,-596890.14,418.61,75.88427734375,1.0,62534.13,32426.88,298.26,1661929.75,0.0,0.0,85954.93,,0
41.36,8538.16,17798.57,-596865.68,420.27,75.7296142578125,1.0,62454.58,32400.28,298.3,1662158.25,0.0,0.0,85954.93,,0
41.49,8588.05,17910.41,-596844.23,421.69,75.57302856445312,1.0,62386.4,32375.29,298.34,1662353.38,0.0,0.0,85954.93,,0
41.62,8646.46,18041.16,-596818.5,423.36,75.37539672851562,1.0,62306.85,32343.36,298.38,1662580.0,0.0,0.0,85954.93,,0
41.76,8705.08,18172.15,-596791.86,425.02,75.18084716796875,1.0,62227.3,32308.33,298.42,1662805.62,0.0,0.0,85954.93,,0
41.89,8763.91,18303.43,-596764.29,426.68,75.022705078125,1.0,62147.76,32270.46,298.46,1663030.25,0.0,0.0,85954.93,,0
42.03,8814.51,18416.42,-596740.26,428.11,74.93121337890625,1.0,62079.57,32236.21,298.49,1663221.88,0.0,0.0,85954.93,,0
42.16,8873.74,18549.07,-596712.09,429.79,74.86209106445312,1.0,62000.03,32137.03,298.53,1663444.38,0.0,0.0,85954.93,,0
42.3,8933.19,18682.82,-596684.01,431.47,74.816650390625,1.0,61909.12,32011.38,298.58,1663697.0,0.0,0.0,85954.93,,0
42.46,9001.39,18837.15,-596652.18,433.42,74.76568603515625,1.0,61829.57,31901.43,298.62,1663916.25,0.0,0.0,85954.93,,0
42.59,9052.72,18953.86,-596628.43,434.89,74.705322265625,1.0,61761.39,31807.02,298.65,1664103.12,0.0,0.0,85954.93,,0
42.72,9104.22,19071.28,-596604.53,436.36,74.61767578125,1.0,61693.21,31712.26,298.69,1664288.62,0.0,0.0,85954.93,,0
42.84,9164.51,19209.02,-596576.33,438.09,74.49249267578125,1.0,61613.66,31600.96,298.72,1664503.88,0.0,0.0,85954.93,,0
42.97,9216.36,19327.63,-596551.79,439.58,74.3621826171875,1.0,61545.48,31504.67,298.76,1664687.25,0.0,0.0,85954.93,,0
43.1,9277.06,19466.53,-596522.59,441.32,74.19244384765625,1.0,61465.93,31391.07,298.8,1664899.75,0.0,0.0,85954.93,,0
43.23,9329.26,19585.96,-596497.0,442.81,74.0408935546875,1.0,61397.75,31292.55,298.83,1665080.62,0.0,0.0,85954.93,,0
43.34,9381.63,19705.74,-596470.86,444.3,73.892333984375,1.0,61329.56,31192.95,298.86,1665260.38,0.0,0.0,85954.93,,0
43.47,9434.16,19825.9,-596444.21,445.8,73.7335205078125,1.0,61215.93,31024.88,298.91,1665557.62,0.0,0.0,85954.93,,0
43.8,9557.35,20108.14,-596380.35,449.3,73.50296020507812,1.0,61102.29,30854.96,298.97,1665851.62,0.0,0.0,85954.93,,0
43.91,9628.14,20271.08,-596343.29,451.32,73.4166259765625,1.0,61011.38,30718.45,299.01,1666084.75,0.0,0.0,85954.93,,0
44.03,9681.43,20394.31,-596315.61,452.85,73.3582763671875,1.0,60943.2,30615.96,299.04,1666258.25,0.0,0.0,85954.93,,0
44.14,9725.96,20497.66,-596292.61,454.13,73.2967529296875,1.0,60886.38,30530.43,299.06,1666402.0,0.0,0.0,85954.93,,0
44.25,9770.61,20601.54,-596269.57,455.41,73.21685791015625,1.0,60829.55,30444.67,299.09,1666545.0,0.0,0.0,85954.93,,0
44.36,9824.33,20726.78,-596241.66,456.95,73.09487915039062,1.0,60761.38,30341.3,299.12,1666715.62,0.0,0.0,85954.93,,0
44.46,9878.23,20852.54,-596213.27,458.5,72.94998168945312,1.0,60693.19,30237.27,299.15,1666885.0,0.0,0.0,85954.93,,0
44.58,9923.27,20957.66,-596189.17,459.8,72.81912231445312,1.0,60636.37,30149.95,299.18,1667025.38,0.0,0.0,85954.93,,0
44.68,9977.47,21084.14,-596159.65,461.35,72.65911865234375,1.0,60568.19,30044.36,299.21,1667192.88,0.0,0.0,85954.93,,0
44.8,10031.84,21210.99,-596129.47,462.91,72.50643920898438,1.0,60500.0,29937.91,299.24,1667359.25,0.0,0.0,85954.93,,0
44.92,10077.27,21317.03,-596103.85,464.21,72.39346313476562,1.0,60443.19,29848.65,299.26,1667497.0,0.0,0.0,85954.93,,0
45.02,10122.82,21423.44,-596077.9,465.51,72.29736328125,1.0,60386.37,29759.0,299.29,1667634.12,0.0,0.0,85954.93,,0
45.13,10177.63,21551.76,-596046.45,467.09,72.20364379882812,1.0,60318.18,29651.11,299.32,1667797.62,0.0,0.0,85954.93,,0
45.25,10232.6,21680.87,-596014.79,468.67,72.1302490234375,1.0,60250.0,29543.06,299.34,1667960.0,0.0,0.0,85954.93,,0
45.36,10287.75,21810.9,-595983.02,470.26,72.07177734375,1.0,60181.82,29435.03,299.37,1668121.25,0.0,0.0,85954.93,,0
45.48,10333.83,21920.0,-595956.53,471.59,72.02728271484375,1.0,60125.0,29345.05,299.4,1668254.75,0.0,0.0,85954.93,,0
45.58,10389.29,22051.86,-595924.79,473.2,71.96871948242188,1.0,60056.82,29237.13,299.43,1668414.12,0.0,0.0,85954.93,,0
45.7,10444.92,22184.68,-595893.16,474.82,71.88800048828125,1.0,59988.63,29129.07,299.45,1668572.38,0.0,0.0,85954.93,,0
45.82,10491.41,22295.98,-595866.69,476.17,71.7900390625,1.0,59931.82,29038.76,299.48,1668703.5,0.0,0.0,85954.93,,0
45.93,10547.35,22430.11,-595834.54,477.8,71.63824462890625,1.0,59863.63,28929.87,299.51,1668859.88,0.0,0.0,85954.93,,0
46.04,10594.1,22542.23,-595807.22,479.16,71.490234375,1.0,59806.81,28838.54,299.53,1668989.25,0.0,0.0,85954.93,,0
46.15,10650.37,22677.07,-595773.66,480.8,71.29937744140625,1.0,59738.63,28728.11,299.56,1669143.62,0.0,0.0,85954.93,,0
46.26,10706.8,22812.19,-595739.15,482.44,71.1107177734375,1.0,59670.45,28616.74,299.58,1669297.0,0.0,0.0,85954.93,,0
46.38,10753.96,22925.01,-595709.72,483.8,70.96902465820312,1.0,59613.63,28523.25,299.61,1669424.12,0.0,0.0,85954.93,,0
46.48,10810.71,23060.82,-595673.74,485.45,70.82861328125,1.0,59545.45,28410.42,299.63,1669575.5,0.0,0.0,85954.93,,0
46.6,10858.14,23174.47,-595643.36,486.82,70.73892211914062,1.0,59488.63,28316.08,299.66,1669700.88,0.0,0.0,85954.93,,0
46.7,10905.68,23288.71,-595612.77,488.21,70.673095703125,1.0,59431.81,28221.63,299.68,1669825.5,0.0,0.0,85954.93,,0
46.8,10953.34,23403.65,-595582.09,489.59,70.62646484375,1.0,59374.99,28127.22,299.7,1669949.5,0.0,0.0,85954.93,,0
46.91,11010.69,23542.62,-595545.31,491.27,70.58584594726562,1.0,59306.8,28014.12,299.73,1670097.25,0.0,0.0,85954.93,,0
47.02,11068.23,23682.83,-595508.73,492.96,70.54443359375,1.0,59238.62,27901.22,299.75,1670244.0,0.0,0.0,85954.93,,0
47.14,11116.3,23800.55,-595478.34,494.38,70.47802734375,1.0,59170.44,27788.41,299.78,1670389.75,0.0,0.0,85954.93,,0
47.26,11183.82,23966.53,-595435.69,496.37,70.37661743164062,1.0,59102.26,27675.46,299.81,1670534.38,0.0,0.0,85954.93,,0
47.38,11241.89,24109.67,-595398.74,498.09,70.2374267578125,1.0,59034.07,27562.19,299.83,1670678.0,0.0,0.0,85954.93,,0
47.49,11290.41,24229.42,-595367.47,499.53,70.09555053710938,1.0,58977.26,27467.39,299.85,1670796.88,0.0,0.0,85954.93,,0
47.6,11329.32,24325.45,-595342.04,500.68,69.96969604492188,1.0,58931.8,27391.22,299.87,1670891.62,0.0,0.0,85954.93,,0
47.72,11397.61,24493.87,-595296.47,502.7,69.70547485351562,1.0,58840.89,27237.88,299.9,1671079.38,0.0,0.0,85954.93,,0
47.84,11456.33,24638.55,-595256.22,504.43,69.5499267578125,1.0,58784.07,27141.36,299.93,1671195.88,0.0,0.0,85954.93,,0
47.94,11515.24,24783.66,-595215.09,506.17,69.39266967773438,1.0,58715.89,27024.98,299.95,1671334.62,0.0,0.0,85954.93,,0
48.06,11564.46,24905.06,-595180.3,507.62,69.28799438476562,1.0,58659.07,26927.67,299.97,1671449.62,0.0,0.0,85954.93,,0
48.16,11613.8,25027.04,-595145.2,509.08,69.20758056640625,1.0,58602.25,26830.23,299.99,1671563.75,0.0,0.0,85954.93,,0
48.27,11673.18,25174.34,-595102.84,510.84,69.13949584960938,1.0,58534.07,26713.31,300.02,1671699.75,0.0,0.0,85954.93,,0
48.38,11722.81,25297.99,-595067.47,512.32,69.09185791015625,1.0,58465.88,26596.54,300.04,1671834.88,0.0,0.0,85954.93,,0
48.51,11792.49,25472.59,-595017.96,514.4,69.0526123046875,1.0,58397.7,26479.99,300.06,1671968.75,0.0,0.0,85954.93,,0
48.63,11852.42,25623.66,-594975.62,516.2,69.006591796875,1.0,58329.52,26363.63,300.09,1672101.88,0.0,0.0,85954.93,,0
48.74,11902.5,25750.51,-594940.35,517.71,68.95135498046875,1.0,58272.7,26266.7,300.11,1672211.88,0.0,0.0,85954.93,,0
48.85,11952.71,25878.12,-594904.99,519.22,68.85494995117188,1.0,58204.52,26150.31,300.13,1672343.0,0.0,0.0,85954.93,,0
48.97,12023.22,26057.87,-594855.05,521.35,68.72109985351562,1.0,58136.33,26033.63,300.15,1672473.12,0.0,0.0,85954.93,,0
49.08,12073.75,26186.87,-594818.83,522.88,68.58425903320312,1.0,58079.52,25936.08,300.17,1672580.88,0.0,0.0,85954.93,,0
49.19,12124.4,26316.27,-594782.04,524.41,68.43173217773438,1.0,58022.7,25838.13,300.19,1672688.0,0.0,0.0,85954.93,,0
49.29,12185.36,26472.02,-594737.12,526.25,68.23422241210938,1.0,57954.52,25719.98,300.22,1672815.62,0.0,0.0,85954.93,,0
49.4,12246.5,26628.15,-594691.14,528.1,68.0244140625,1.0,57886.33,25601.12,300.24,1672942.0,0.0,0.0,85954.93,,0
49.52,12297.6,26758.51,-594651.96,529.64,67.85546875,1.0,57829.51,25501.52,300.26,1673046.75,0.0,0.0,85954.93,,0
49.62,12359.09,26915.29,-594603.92,531.49,67.67608642578125,1.0,57761.33,25381.42,300.28,1673171.62,0.0,0.0,85954.93,,0
49.73,12410.47,27046.36,-594563.18,533.04,67.55319213867188,1.0,57704.51,25280.96,300.3,1673274.62,0.0,0.0,85954.93,,0
49.84,12461.98,27177.95,-594521.99,534.59,67.45892333984375,1.0,57647.69,25180.3,300.32,1673377.12,0.0,0.0,85954.93,,0
49.94,12523.97,27336.8,-594472.19,536.47,67.380615234375,1.0,57579.51,25059.42,300.34,1673499.38,0.0,0.0,85954.93,,0
50.06,12575.77,27470.09,-594430.56,538.04,67.33706665039062,1.0,57522.69,24958.72,300.36,1673600.25,0.0,0.0,85954.93,,0
50.16,12638.1,27631.29,-594380.6,539.93,67.30029296875,1.0,57454.51,24838.03,300.38,1673720.5,0.0,0.0,85954.93,,0
50.28,12690.19,27766.71,-594339.02,541.52,67.27127075195312,1.0,57397.69,24737.57,300.4,1673820.0,0.0,0.0,85954.93,,0
50.38,12752.87,27930.53,-594289.26,543.44,67.22357177734375,1.0,57329.5,24617.1,300.42,1673938.5,0.0,0.0,85954.93,,0
50.5,12805.26,28068.07,-594247.92,545.05,67.158935546875,1.0,57272.68,24516.65,300.43,1674036.5,0.0,0.0,85954.93,,0
50.6,12857.77,28206.37,-594206.46,546.66,67.05581665039062,1.0,57215.87,24416.04,300.45,1674133.88,0.0,0.0,85954.93,,0
50.71,12920.98,28373.06,-594156.1,548.6,66.88345336914062,1.0,57147.68,24294.94,300.47,1674249.75,0.0,0.0,85954.93,,0
50.84,12984.38,28540.27,-594104.68,550.55,66.67327880859375,1.0,57079.5,24173.31,300.49,1674364.62,0.0,0.0,85954.93,,0
50.97,13058.59,28735.73,-594043.02,552.82,66.40420532226562,1.0,56999.95,24030.58,300.52,1674497.62,0.0,0.0,85954.93,,0
51.1,13122.41,28903.49,-593988.64,554.78,66.17791748046875,1.0,56931.77,23907.45,300.54,1674610.38,0.0,0.0,85954.93,,0
51.2,13186.42,29071.51,-593932.93,556.73,65.97796630859375,1.0,56863.59,23783.65,300.56,1674722.38,0.0,0.0,85954.93,,0
51.34,13250.62,29239.98,-593876.14,558.69,65.8173828125,1.0,56795.41,23659.33,300.58,1674833.38,0.0,0.0,85954.93,,0
51.45,13315.02,29409.21,-593818.6,560.66,65.70193481445312,1.0,56727.22,23534.67,300.6,1674943.25,0.0,0.0,85954.93,,0
51.57,13379.61,29579.5,-593760.67,562.64,65.62631225585938,1.0,56659.04,23409.88,300.62,1675052.38,0.0,0.0,85954.93,,0
51.7,13444.4,29751.11,-593702.63,564.63,65.57717895507812,1.0,56590.86,23285.08,300.64,1675160.62,0.0,0.0,85954.93,,0
51.83,13520.22,29953.15,-593634.99,566.96,65.52999877929688,1.0,56511.31,23139.46,300.66,1675285.38,0.0,0.0,85954.93,,0
51.95,13574.55,30098.68,-593586.76,568.64,65.48675537109375,1.0,56454.49,23035.37,300.68,1675374.0,0.0,0.0,85954.93,,0
52.06,13639.93,30274.54,-593528.91,570.66,65.40701293945312,1.0,56386.31,22910.29,300.69,1675479.38,0.0,0.0,85954.93,,0
52.17,13705.5,30451.51,-593470.74,572.69,65.28436279296875,1.0,56318.12,22784.9,300.71,1675584.0,0.0,0.0,85954.93,,0
52.28,13760.3,30599.64,-593421.76,574.39,65.1502685546875,1.0,56261.31,22680.09,300.73,1675670.25,0.0,0.0,85954.93,,0
52.39,13826.25,30777.94,-593362.09,576.43,64.95721435546875,1.0,56193.12,22553.84,300.75,1675773.12,0.0,0.0,85954.93,,0
52.5,13881.35,30926.84,-593311.41,578.13,64.77798461914062,1.0,56136.3,22448.19,300.76,1675858.25,0.0,0.0,85954.93,,0
52.6,13936.59,31075.92,-593259.74,579.84,64.55859375,1.0,56068.12,22320.81,300.78,1675959.5,0.0,0.0,85954.93,,0
52.72,14014.17,31284.91,-593185.74,582.23,64.35333251953125,1.0,55999.94,22192.82,300.8,1676059.75,0.0,0.0,85954.93,,0
52.83,14069.74,31434.47,-593131.78,583.95,64.18099975585938,1.0,55931.75,22064.28,300.82,1676159.25,0.0,0.0,85954.93,,0
52.96,14147.77,31644.57,-593055.14,586.35,64.05120849609375,1.0,55863.57,21935.36,300.83,1676257.62,0.0,0.0,85954.93,,0
53.08,14214.87,31825.68,-592988.82,588.42,63.960845947265625,1.0,55795.39,21806.24,300.85,1676355.25,0.0,0.0,85954.93,,0
53.2,14270.94,31977.55,-592933.36,590.15,63.90838623046875,1.0,55738.57,21698.58,300.87,1676435.88,0.0,0.0,85954.93,,0
53.3,14338.4,32161.05,-592866.75,592.23,63.859130859375,1.0,55670.39,21569.38,300.88,1676531.88,0.0,0.0,85954.93,,0
53.41,14406.06,32345.99,-592800.16,594.33,63.807464599609375,1.0,55602.21,21440.18,300.9,1676626.88,0.0,0.0,85954.93,,0
53.54,14473.93,32532.31,-592733.52,596.43,63.737457275390625,1.0,55534.02,21310.94,300.92,1676721.0,0.0,0.0,85954.93,,0
53.66,14530.64,32688.52,-592677.84,598.19,63.65533447265625,1.0,55477.2,21203.15,300.93,1676798.75,0.0,0.0,85954.93,,0
53.77,14598.87,32876.9,-592610.59,600.31,63.5205078125,1.0,55409.02,21073.61,300.95,1676891.25,0.0,0.0,85954.93,,0
53.88,14667.32,33066.05,-592542.51,602.44,63.3468017578125,1.0,55340.84,20943.8,300.96,1676982.88,0.0,0.0,85954.93,,0
54.0,14735.96,33255.7,-592473.25,604.57,63.144317626953125,1.0,55272.66,20813.63,300.98,1677073.5,0.0,0.0,85954.93,,0
54.11,14793.32,33414.01,-592414.49,606.34,62.964935302734375,1.0,55215.84,20704.87,300.99,1677148.5,0.0,0.0,85954.93,,0
54.22,14850.82,33572.52,-592354.76,608.12,62.785858154296875,1.0,55159.02,20595.82,301.01,1677222.75,0.0,0.0,85954.93,,0
54.32,14920.0,33763.09,-592281.97,610.26,62.57977294921875,1.0,55090.84,20464.63,301.02,1677311.0,0.0,0.0,85954.93,,0
54.43,14977.81,33922.18,-592220.33,612.05,62.4150390625,1.0,55034.02,20355.04,301.04,1677384.0,0.0,0.0,85954.93,,0
54.55,15047.36,34113.5,-592145.23,614.19,62.2391357421875,1.0,54965.83,20223.3,301.05,1677470.62,0.0,0.0,85954.93,,0
54.67,15117.12,34305.43,-592069.03,616.34,62.0968017578125,1.0,54897.65,20091.39,301.07,1677556.62,0.0,0.0,85954.93,,0
54.78,15187.07,34498.25,-591992.07,618.5,61.988800048828125,1.0,54829.47,19959.44,301.08,1677641.38,0.0,0.0,85954.93,,0
54.9,15245.52,34659.84,-591927.59,620.3,61.92022705078125,1.0,54772.65,19849.53,301.09,1677711.62,0.0,0.0,85954.93,,0
55.0,15315.84,34854.98,-591850.0,622.48,61.851806640625,1.0,54704.46,19717.76,301.11,1677795.0,0.0,0.0,85954.93,,0
55.12,15386.36,35051.54,-591772.23,624.66,61.78338623046875,1.0,54636.28,19586.13,301.12,1677877.38,0.0,0.0,85954.93,,0
55.23,15445.28,35216.42,-591707.28,626.48,61.716552734375,1.0,54579.46,19476.53,301.14,1677945.5,0.0,0.0,85954.93,,0
55.34,15504.35,35382.19,-591642.12,628.32,61.63250732421875,1.0,54522.64,19366.97,301.15,1678012.88,0.0,0.0,85954.93,,0
55.44,15575.42,35582.13,-591563.44,630.52,61.500946044921875,1.0,54454.46,19235.53,301.16,1678093.12,0.0,0.0,85954.93,,0
55.56,15634.8,35749.42,-591497.2,632.37,61.365631103515625,1.0,54397.64,19125.95,301.17,1678159.38,0.0,0.0,85954.93,,0
55.66,15706.25,35950.79,-591416.72,634.58,61.180084228515625,1.0,54329.46,18994.37,301.19,1678237.88,0.0,0.0,85954.93,,0
55.78,15777.9,36152.75,-591335.13,636.8,60.97265625,1.0,54261.28,18862.63,301.2,1678315.75,0.0,0.0,85954.93,,0
55.89,15837.77,36321.36,-591266.08,638.66,60.782470703125,1.0,54204.46,18752.7,301.21,1678380.0,0.0,0.0,85954.93,,0
55.99,15897.77,36490.13,-591195.9,640.51,60.587677001953125,1.0,54147.64,18642.64,301.23,1678443.62,0.0,0.0,85954.93,,0
56.1,15969.97,36692.78,-591110.06,642.74,60.3642578125,1.0,54079.46,18510.37,301.24,1678519.25,0.0,0.0,85954.93,,0
56.22,16042.37,36895.67,-591022.54,644.98,60.17071533203125,1.0,54011.27,18377.95,301.25,1678593.88,0.0,0.0,85954.93,,0
56.33,16102.85,37065.14,-590948.58,646.84,60.043548583984375,1.0,53954.45,18263.36,301.26,1678655.75,0.0,0.0,85954.93,,0
56.44,16175.62,37269.35,-590859.02,649.09,59.932708740234375,1.0,53886.27,18123.64,301.28,1678729.0,0.0,0.0,85954.93,,0
56.56,16248.58,37474.86,-590768.92,651.34,59.8583984375,1.0,53818.09,17984.39,301.29,1678801.5,0.0,0.0,85954.93,,0
56.67,16309.54,37647.31,-590693.67,653.23,59.815093994140625,1.0,53761.27,17868.76,301.3,1678861.38,0.0,0.0,85954.93,,0
56.78,16382.88,37855.82,-590603.34,655.5,59.768768310546875,1.0,53693.09,17730.51,301.31,1678932.5,0.0,0.0,85954.93,,0
56.9,16456.43,38066.04,-590512.99,657.79,59.70697021484375,1.0,53624.91,17592.75,301.33,1679002.75,0.0,0.0,85954.93,,0
57.02,16517.88,38242.4,-590437.54,659.7,59.631439208984375,1.0,53568.09,17478.29,301.34,1679060.75,0.0,0.0,85954.93,,0
57.12,16579.47,38419.67,-590361.75,661.62,59.502838134765625,1.0,53499.9,17341.25,301.35,1679129.75,0.0,0.0,85954.93,,0
57.23,16665.94,38668.99,-590254.59,664.31,59.3289794921875,1.0,53431.72,17204.48,301.36,1679197.88,0.0,0.0,85954.93,,0
57.36,16740.28,38883.39,-590161.26,666.62,59.118133544921875,1.0,53363.54,17067.89,301.37,1679265.25,0.0,0.0,85954.93,,0
57.47,16802.39,39062.33,-590082.22,668.55,58.9249267578125,1.0,53306.72,16954.17,301.38,1679321.0,0.0,0.0,85954.93,,0
57.58,16877.12,39277.3,-589985.74,670.88,58.686279296875,1.0,53238.54,16817.82,301.4,1679387.12,0.0,0.0,85954.93,,0
57.69,16939.54,39456.69,-589904.12,672.81,58.4892578125,1.0,53181.71,16704.29,301.41,1679441.75,0.0,0.0,85954.93,,0
57.8,17014.64,39672.18,-589804.57,675.14,58.257232666015625,1.0,53113.53,16568.21,301.42,1679506.5,0.0,0.0,85954.93,,0
57.92,17077.38,39851.94,-589720.22,677.08,58.080535888671875,1.0,53056.71,16454.98,301.43,1679560.0,0.0,0.0,85954.93,,0
58.02,17152.85,40068.04,-589617.52,679.42,57.9046630859375,1.0,52988.53,16319.36,301.44,1679623.5,0.0,0.0,85954.93,,0
58.13,17215.9,40248.7,-589530.95,681.37,57.79119873046875,1.0,52931.71,16206.63,301.45,1679675.88,0.0,0.0,85954.93,,0
58.24,17291.75,40466.55,-589426.3,683.72,57.693359375,1.0,52863.53,16071.83,301.46,1679738.0,0.0,0.0,85954.93,,0
58.35,17355.11,40649.24,-589338.7,685.68,57.63629150390625,1.0,52806.71,15959.95,301.47,1679789.25,0.0,0.0,85954.93,,0
58.45,17431.33,40870.06,-589233.35,688.05,57.5828857421875,1.0,52738.53,15826.27,301.48,1679850.0,0.0,0.0,85954.93,,0
58.58,17482.25,41018.29,-589163.05,689.64,57.537445068359375,1.0,52658.98,15671.15,301.49,1679920.12,0.0,0.0,85954.93,,0
58.77,17597.18,41354.65,-589004.57,693.22,57.4327392578125,1.0,52590.8,15538.85,301.5,1679979.38,0.0,0.0,85954.93,,0
58.88,17674.05,41580.82,-588898.43,695.62,57.309326171875,1.0,52522.61,15407.14,301.51,1680038.12,0.0,0.0,85954.93,,0
59.0,17776.88,41884.04,-588755.38,698.84,57.068084716796875,1.0,52431.7,15232.3,301.53,1680115.12,0.0,0.0,85954.93,,0
59.12,17854.25,42112.18,-588646.3,701.25,56.83795166015625,1.0,52363.52,15101.73,301.54,1680172.12,0.0,0.0,85954.93,,0
59.24,17931.83,42340.62,-588535.33,703.67,56.58001708984375,1.0,52295.34,14971.58,301.55,1680228.38,0.0,0.0,85954.93,,0
59.36,17996.63,42531.04,-588441.21,705.69,56.353668212890625,1.0,52238.52,14863.43,301.55,1680274.75,0.0,0.0,85954.93,,0
59.46,18074.59,42759.47,-588326.12,708.12,56.0875244140625,1.0,52170.34,14734.04,301.56,1680329.75,0.0,0.0,85954.93,,0
59.57,18139.71,42949.74,-588228.4,710.14,55.8504638671875,1.0,52102.16,14605.08,301.57,1680384.12,0.0,0.0,85954.93,,0
59.69,18218.04,43178.24,-588109.26,712.57,55.691192626953125,1.0,52045.34,14498.02,301.58,1680428.75,0.0,0.0,85954.93,,0
59.8,18296.57,43407.46,-587988.65,715.01,55.5531005859375,1.0,51977.15,14370.13,301.59,1680481.88,0.0,0.0,85954.93,,0
59.91,18375.3,43637.98,-587867.11,717.45,55.46624755859375,1.0,51908.97,14242.98,301.6,1680534.25,0.0,0.0,85954.93,,0
60.04,18454.24,43870.28,-587745.15,719.91,55.4169921875,1.0,51840.79,14116.68,301.61,1680586.0,0.0,0.0,85954.93,,0
60.15,18520.18,44065.47,-587643.47,721.97,55.388946533203125,1.0,51783.97,14012.09,301.62,1680628.62,0.0,0.0,85954.93,,0
60.26,18599.5,44301.69,-587521.52,724.45,55.347015380859375,1.0,51715.79,13887.39,301.63,1680679.0,0.0,0.0,85954.93,,0
60.37,18665.76,44500.09,-587419.83,726.53,55.271209716796875,1.0,51647.6,13763.51,301.64,1680728.88,0.0,0.0,85954.93,,0
60.5,18745.46,44739.69,-587297.35,729.02,55.145660400390625,1.0,51579.42,13640.39,301.64,1680778.12,0.0,0.0,85954.93,,0
60.62,18825.37,44980.52,-587173.85,731.53,54.966339111328125,1.0,51511.24,13517.98,301.65,1680826.62,0.0,0.0,85954.93,,0
60.74,18918.87,45262.41,-587027.7,734.46,54.73828125,1.0,51443.05,13396.22,301.66,1680874.5,0.0,0.0,85954.93,,0
60.85,18985.83,45464.03,-586921.56,736.56,54.521240234375,1.0,51386.23,13295.24,301.67,1680913.88,0.0,0.0,85954.93,,0
60.96,19066.38,45705.98,-586791.96,739.08,54.24493408203125,1.0,51318.05,13174.59,301.68,1680960.5,0.0,0.0,85954.93,,0
61.07,19147.13,45947.75,-586659.73,741.61,53.972747802734375,1.0,51249.87,13054.52,301.69,1681006.62,0.0,0.0,85954.93,,0
61.2,19228.08,46189.37,-586524.91,744.14,53.731353759765625,1.0,51181.69,12935.04,301.69,1681052.25,0.0,0.0,85954.93,,0
61.32,19309.24,46431.22,-586387.92,746.67,53.54229736328125,1.0,51113.5,12816.22,301.7,1681097.0,0.0,0.0,85954.93,,0
61.43,19377.03,46633.38,-586272.56,748.78,53.42877197265625,1.0,51056.68,12717.77,301.71,1681134.0,0.0,0.0,85954.93,,0
61.54,19458.57,46877.38,-586133.33,751.33,53.339141845703125,1.0,50988.5,12600.39,301.72,1681177.62,0.0,0.0,85954.93,,0
61.66,19540.3,47123.53,-585993.95,753.89,53.27496337890625,1.0,50920.32,12483.91,301.72,1681220.75,0.0,0.0,85954.93,,0
61.77,19608.58,47330.31,-585877.71,756.03,53.2127685546875,1.0,50863.5,12387.51,301.73,1681256.25,0.0,0.0,85954.93,,0
61.88,19690.69,47580.21,-585737.88,758.61,53.1103515625,1.0,50795.32,12272.58,301.74,1681298.25,0.0,0.0,85954.93,,0
61.99,19759.29,47789.63,-585620.7,760.76,52.99322509765625,1.0,50738.5,12177.4,301.74,1681332.88,0.0,0.0,85954.93,,0
62.1,19841.79,48041.97,-585478.86,763.36,52.811737060546875,1.0,50670.32,12063.85,301.75,1681374.0,0.0,0.0,85954.93,,0
62.22,19910.7,48252.81,-585359.25,765.52,52.629913330078125,1.0,50613.5,11969.75,301.76,1681407.75,0.0,0.0,85954.93,,0
62.32,19993.59,48506.17,-585213.71,768.13,52.386444091796875,1.0,50545.31,11857.41,301.77,1681447.62,0.0,0.0,85954.93,,0
62.44,20062.81,48717.4,-585090.51,770.3,52.173583984375,1.0,50488.49,11764.25,301.77,1681480.75,0.0,0.0,85954.93,,0
62.54,20146.08,48970.9,-584940.31,772.91,51.92437744140625,1.0,50420.31,11653.01,301.78,1681519.75,0.0,0.0,85954.93,,0
62.65,20215.62,49182.2,-584813.21,775.09,51.73577880859375,1.0,50363.49,11560.75,301.78,1681551.75,0.0,0.0,85954.93,,0
62.76,20299.26,49436.08,-584658.62,777.71,51.5469970703125,1.0,50295.31,11450.61,301.79,1681589.75,0.0,0.0,85954.93,,0
62.88,20383.1,49690.8,-584502.27,780.34,51.406402587890625,1.0,50227.12,11341.12,301.8,1681627.25,0.0,0.0,85954.93,,0
63.0,20467.15,49946.93,-584344.69,782.97,51.309295654296875,1.0,50158.95,11232.33,301.8,1681664.38,0.0,0.0,85954.93,,0
63.11,20537.34,50161.81,-584212.8,785.18,51.252410888671875,1.0,50102.12,11142.22,301.81,1681694.75,0.0,0.0,85954.93,,0
63.22,20607.67,50378.27,-584080.67,787.39,51.203948974609375,1.0,50045.3,11052.63,301.81,1681724.75,0.0,0.0,85954.93,,0
63.35,20706.38,50684.24,-583895.81,790.51,51.112152099609375,1.0,49965.76,10927.99,301.82,1681766.38,0.0,0.0,85954.93,,0
63.48,20805.38,50992.64,-583709.87,793.63,50.9442138671875,1.0,49886.21,10804.15,301.83,1681807.5,0.0,0.0,85954.93,,0
63.61,20890.46,51258.04,-583548.49,796.32,50.7525634765625,1.0,49818.03,10698.57,301.84,1681842.12,0.0,0.0,85954.93,,0
63.73,20975.75,51524.12,-583385.02,799.01,50.53173828125,1.0,49749.85,10593.44,301.84,1681876.25,0.0,0.0,85954.93,,0
63.86,21075.52,51835.08,-583191.35,802.16,50.240570068359375,1.0,49670.3,10471.27,301.85,1681915.5,0.0,0.0,85954.93,,0
64.0,21175.56,52146.22,-582994.08,805.32,49.938385009765625,1.0,49590.75,10349.56,301.86,1681954.38,0.0,0.0,85954.93,,0
64.14,21275.89,52457.5,-582793.17,808.48,49.65301513671875,1.0,49511.21,10228.33,301.86,1681992.5,0.0,0.0,85954.93,,0
64.28,21362.1,52724.68,-582618.33,811.19,49.43603515625,1.0,49443.02,10124.87,301.87,1682024.88,0.0,0.0,85954.93,,0
64.4,21448.52,52992.56,-582441.43,813.91,49.250274658203125,1.0,49374.84,10021.89,301.87,1682056.75,0.0,0.0,85954.93,,0
64.5,21535.13,53261.48,-582262.74,816.64,49.09442138671875,1.0,49306.66,9919.43,301.88,1682088.25,0.0,0.0,85954.93,,0
64.64,21636.44,53576.99,-582052.44,819.84,48.94354248046875,1.0,49227.11,9800.61,301.89,1682124.38,0.0,0.0,85954.93,,0
64.78,21738.03,53894.84,-581840.56,823.05,48.809417724609375,1.0,49147.57,9682.63,301.89,1682160.0,0.0,0.0,85954.93,,0
64.92,21825.32,54169.18,-581657.7,825.81,48.687835693359375,1.0,49079.38,9582.17,301.9,1682190.0,0.0,0.0,85954.93,,0
65.04,21927.43,54490.95,-581442.26,829.04,48.5338134765625,1.0,48999.84,9465.75,301.9,1682224.62,0.0,0.0,85954.93,,0
65.15,22000.53,54722.04,-581287.16,831.36,48.42193603515625,1.0,48943.02,9383.11,301.91,1682248.88,0.0,0.0,85954.93,,0
65.28,22103.11,55047.34,-581068.35,834.61,48.242218017578125,1.0,48863.47,9268.17,301.91,1682282.62,0.0,0.0,85954.93,,0
65.4,22176.55,55280.8,-580910.7,836.94,48.092437744140625,1.0,48806.65,9186.59,301.92,1682306.25,0.0,0.0,85954.93,,0
65.52,22279.61,55608.74,-580687.59,840.21,47.8536376953125,1.0,48727.11,9073.11,301.92,1682339.0,0.0,0.0,85954.93,,0
65.66,22382.95,55937.59,-580461.27,843.49,47.588958740234375,1.0,48647.56,8960.48,301.93,1682371.12,0.0,0.0,85954.93,,0
65.8,22471.74,56219.94,-580264.45,846.31,47.353057861328125,1.0,48579.38,8864.61,301.94,1682398.25,0.0,0.0,85954.93,,0
65.92,22575.59,56549.9,-580031.57,849.6,47.082855224609375,1.0,48499.83,8753.57,301.94,1682429.38,0.0,0.0,85954.93,,0
66.03,22649.94,56785.98,-579863.07,851.96,46.897552490234375,1.0,48443.01,8674.8,301.95,1682451.25,0.0,0.0,85954.93,,0
66.14,22739.34,57069.86,-579658.64,854.79,46.69158935546875,1.0,48374.82,8580.9,301.95,1682477.25,0.0,0.0,85954.93,,0
66.26,22828.94,57354.53,-579451.9,857.63,46.506103515625,1.0,48306.64,8487.71,301.95,1682502.75,0.0,0.0,85954.93,,0
66.37,22903.76,57592.53,-579277.97,860.01,46.3687744140625,1.0,48249.82,8410.61,301.96,1682523.88,0.0,0.0,85954.93,,0
66.48,22978.72,57831.44,-579102.74,862.38,46.247467041015625,1.0,48193.0,8334.05,301.96,1682544.5,0.0,0.0,85954.93,,0
66.58,23053.82,58071.49,-578926.43,864.77,46.13677978515625,1.0,48136.19,8258.02,301.97,1682565.0,0.0,0.0,85954.93,,0
66.68,23144.12,58361.49,-578713.9,867.64,46.001800537109375,1.0,48068.0,8167.54,301.97,1682589.25,0.0,0.0,85954.93,,0
66.79,23219.52,58604.5,-578535.7,870.04,45.868927001953125,1.0,48011.18,8092.74,301.97,1682609.12,0.0,0.0,85954.93,,0
66.9,23310.19,58897.34,-578320.13,872.93,45.68310546875,1.0,47943.0,8003.7,301.98,1682632.62,0.0,0.0,85954.93,,0
67.01,23370.75,59093.08,-578175.12,874.86,45.54449462890625,1.0,47897.55,7944.76,301.98,1682648.25,0.0,0.0,85954.93,,0
67.14,23492.14,59485.42,-577881.56,878.73,45.23968505859375,1.0,47806.64,7827.9,301.99,1682678.62,0.0,0.0,85954.93,,0
67.26,23568.18,59730.88,-577695.36,881.15,45.040618896484375,1.0,47749.82,7755.54,301.99,1682697.38,0.0,0.0,85954.93,,0
67.36,23659.62,60025.8,-577469.26,884.06,44.810211181640625,1.0,47681.63,7669.4,301.99,1682719.62,0.0,0.0,85954.93,,0
67.47,23735.97,60271.89,-577278.66,886.49,44.628387451171875,1.0,47624.82,7598.21,302.0,1682737.75,0.0,0.0,85954.93,,0
67.58,23827.77,60567.75,-577047.43,889.41,44.428985595703125,1.0,47556.63,7513.5,302.0,1682759.25,0.0,0.0,85954.93,,0
67.69,23904.41,60814.94,-576852.81,891.86,44.284454345703125,1.0,47499.81,7443.53,302.0,1682776.88,0.0,0.0,85954.93,,0
67.8,23981.2,61062.95,-576656.62,894.3,44.15960693359375,1.0,47442.99,7374.13,302.01,1682794.25,0.0,0.0,85954.93,,0
67.9,24058.12,61312.15,-576459.18,896.75,44.05194091796875,1.0,47386.18,7305.33,302.01,1682811.5,0.0,0.0,85954.93,,0
68.0,24150.6,61613.32,-576221.21,899.71,43.927886962890625,1.0,47317.99,7223.56,302.01,1682831.88,0.0,0.0,85954.93,,0
68.12,24227.82,61865.87,-576021.82,902.18,43.806884765625,1.0,47261.17,7156.08,302.02,1682848.5,0.0,0.0,85954.93,,0
68.22,24320.67,62170.43,-575780.84,905.15,43.63543701171875,1.0,47192.99,7075.88,302.02,1682868.12,0.0,0.0,85954.93,,0
68.33,24398.19,62425.12,-575578.23,907.63,43.469879150390625,1.0,47136.17,7009.66,302.02,1682884.25,0.0,0.0,85954.93,,0
68.44,24475.85,62680.38,-575373.73,910.12,43.28521728515625,1.0,47079.35,6944.0,302.03,1682900.25,0.0,0.0,85954.93,,0
68.54,24553.64,62935.98,-575167.12,912.61,43.045806884765625,1.0,47011.17,6865.93,302.03,1682918.88,0.0,0.0,85954.93,,0
68.66,24662.79,63294.04,-574873.97,916.1,42.800048828125,1.0,46942.99,6788.63,302.03,1682937.5,0.0,0.0,85954.93,,0
68.78,24740.91,63549.88,-574661.74,918.6,42.603485107421875,1.0,46886.17,6724.81,302.04,1682952.75,0.0,0.0,85954.93,,0
68.88,24834.83,63857.21,-574404.14,921.61,42.3890380859375,1.0,46817.98,6648.92,302.04,1682970.62,0.0,0.0,85954.93,,0
69.01,24928.94,64165.21,-574143.61,924.62,42.20391845703125,1.0,46749.8,6573.83,302.04,1682988.25,0.0,0.0,85954.93,,0
69.13,25023.25,64474.33,-573880.52,927.63,42.0517578125,1.0,46681.62,6499.54,302.04,1683005.62,0.0,0.0,85954.93,,0
69.25,25117.74,64785.17,-573615.35,930.66,41.927764892578125,1.0,46613.44,6426.07,302.05,1683022.62,0.0,0.0,85954.93,,0
69.36,25196.64,65045.84,-573393.06,933.19,41.83489990234375,1.0,46545.25,6353.43,302.05,1683039.5,0.0,0.0,85954.93,,0
69.48,25291.48,65360.79,-573124.91,936.24,41.720367431640625,1.0,46488.43,6293.51,302.05,1683053.12,0.0,0.0,85954.93,,0
69.6,25402.38,65731.03,-572809.98,939.81,41.559814453125,1.0,46408.89,6210.56,302.06,1683072.12,0.0,0.0,85954.93,,0
69.74,25497.65,66050.26,-572537.76,942.88,41.384490966796875,1.0,46340.71,6140.29,302.06,1683088.0,0.0,0.0,85954.93,,0
69.86,25609.04,66424.15,-572216.78,946.47,41.13446044921875,1.0,46261.16,6059.21,302.06,1683106.25,0.0,0.0,85954.93,,0
69.99,25704.73,66745.36,-571938.27,949.56,40.8857421875,1.0,46192.98,5990.47,302.07,1683121.62,0.0,0.0,85954.93,,0
70.12,25800.61,67066.82,-571656.25,952.65,40.6138916015625,1.0,46124.79,5919.18,302.07,1683136.75,0.0,0.0,85954.93,,0
70.24,25896.68,67388.24,-571370.44,955.74,40.331756591796875,1.0,46056.61,5846.26,302.07,1683151.62,0.0,0.0,85954.93,,0
70.36,25992.94,67709.42,-571080.65,958.84,40.054718017578125,1.0,45988.43,5774.03,302.07,1683166.12,0.0,0.0,85954.93,,0
70.48,26105.48,68083.91,-570737.62,962.46,39.762298583984375,1.0,45908.88,5690.62,302.08,1683182.88,0.0,0.0,85954.93,,0
70.62,26218.27,68458.79,-570389.75,966.08,39.52313232421875,1.0,45829.33,5608.14,302.08,1683199.25,0.0,0.0,85954.93,,0
70.76,26331.31,68835.39,-570038.08,969.72,39.341033935546875,1.0,45749.79,5526.6,302.08,1683215.38,0.0,0.0,85954.93,,0
70.9,26444.59,69214.94,-569683.57,973.37,39.1934814453125,1.0,45670.24,5446.0,302.09,1683231.12,0.0,0.0,85954.93,,0
71.04,26558.13,69597.59,-569326.31,977.03,39.045318603515625,1.0,45590.7,5366.3,302.09,1683246.75,0.0,0.0,85954.93,,0
71.18,26655.65,69927.44,-569017.27,980.19,38.913848876953125,1.0,45522.51,5298.66,302.09,1683259.88,0.0,0.0,85954.93,,0
71.3,26753.36,70259.44,-568706.03,983.35,38.7791748046875,1.0,45454.33,5231.59,302.09,1683272.75,0.0,0.0,85954.93,,0
72.95,28081.06,70267.7,-568378.34,973.03,42.391937255859375,0.0,32047.45,3941.22,303.12,0.0,0.0,0.0,85954.93,,0
74.96,29683.45,70381.3,-568210.91,960.04,46.833343505859375,0.09999999403953552,32019.06,2804.09,303.14,38789.32,0.0,0.0,85954.93,,0
76.96,31239.79,70527.69,-568057.9,947.56,43.20550537109375,0.09999999403953552,31991.2,2034.87,303.16,38791.83,0.0,0.0,85954.93,,0
78.98,32781.4,70659.57,-567883.13,935.12,39.93804931640625,0.09999999403953552,31964.54,1498.37,303.18,38793.67,0.0,0.0,85954.93,,0
80.99,34277.7,70782.05,-567697.38,923.0,36.9703369140625,0.09999999403953552,31938.44,1115.54,303.19,38795.05,0.0,0.0,85954.93,,0
83.0,35758.67,70898.78,-567499.64,910.96,33.947509765625,0.09999999403953552,31912.09,832.48,303.2,38796.12,0.0,0.0,85954.93,,0
85.03,37209.25,71008.46,-567293.43,899.11,30.920501708984375,0.09999999403953552,31885.73,627.87,303.2,38796.93,0.0,0.0,85954.93,,0
87.04,38629.5,71110.32,-567079.84,887.44,27.884796142578125,0.09999999403953552,31859.37,484.71,303.21,38797.55,0.0,0.0,85954.93,,0
89.04,40005.82,71202.45,-566861.89,876.05,24.873565673828125,0.09999999403953552,31833.28,383.22,303.21,38798.01,0.0,0.0,85954.93,,0
91.07,41365.74,71286.2,-566635.98,864.71,21.82781982421875,0.09999999403953552,31806.92,305.5,303.21,38798.38,0.0,0.0,85954.93,,0
93.08,42695.33,71360.21,-566405.08,853.53,18.779052734375,0.09999999403953552,31780.56,246.11,303.22,38798.68,0.0,0.0,85954.93,,0
95.11,43994.56,71424.38,-566170.01,842.5,15.727081298828125,0.09999999403953552,31754.21,197.9,303.22,38798.93,0.0,0.0,85954.93,,0
97.12,45263.39,71478.64,-565931.48,831.63,12.672271728515625,0.09999999403953552,31727.85,159.34,303.22,38799.13,0.0,0.0,85954.93,,0
99.13,46489.66,71522.54,-565692.46,821.01,9.64410400390625,0.09999999403953552,31701.75,128.89,303.22,38799.29,0.0,0.0,85954.93,,0
101.15,47697.81,71556.93,-565448.65,810.44,6.5826416015625,0.09999999403953552,31675.39,104.37,303.22,38799.42,0.0,0.0,85954.93,,0
103.15,48863.87,71581.15,-565205.37,800.12,3.54931640625,0.09999999403953552,31649.3,84.89,303.22,38799.52,0.0,0.0,85954.93,,0
105.17,50011.05,71596.74,-564958.33,789.86,1.170806884765625,0.09999999403953552,31622.55,68.92,303.22,38799.61,0.0,0.0,85954.93,,0
107.18,51127.54,71608.27,-564710.36,779.8,0.850433349609375,0.09999999403953552,31595.71,55.98,303.22,38799.68,0.0,0.0,85954.93,,0
109.21,52213.42,71619.75,-564461.19,769.99,0.69293212890625,0.09999999403953552,31569.34,45.58,303.22,38799.73,0.0,0.0,85954.93,,0
111.22,53268.85,71631.57,-564210.86,760.43,0.655426025390625,0.09999999403953552,31542.99,37.23,303.23,38799.78,0.0,0.0,85954.93,,0
113.25,54293.95,71643.41,-563959.26,751.13,0.62615966796875,0.09999999403953552,31516.63,30.55,303.23,38799.82,0.0,0.0,85954.93,,0
115.26,55288.87,71655.19,-563706.38,742.08,0.614654541015625,0.09999999403953552,31490.27,25.18,303.23,38799.85,0.0,0.0,85954.93,,0
117.26,56244.32,71666.64,-563454.67,733.39,0.60797119140625,0.09999999403953552,31464.18,20.87,303.23,38799.88,0.0,0.0,85954.93,,0
122.29,58513.45,71694.07,-562816.74,712.75,0.60272216796875,0.09999999403953552,31398.68,13.0,303.23,38799.92,0.0,0.0,85954.93,,0
122.79,58738.01,71721.72,-562216.8,714.83,0.585693359375,1.0,31337.87,12.51,303.23,387999.22,0.0,0.0,85954.93,,0
123.31,58960.64,71752.12,-561539.14,717.52,0.5284423828125,1.0,31270.02,12.06,303.23,387999.28,0.0,0.0,85954.93,,0
123.82,59172.89,71780.7,-560879.31,720.17,0.48681640625,1.0,31204.78,11.64,303.23,387999.31,0.0,0.0,85954.93,,0
124.32,59383.36,71809.04,-560211.31,722.9,0.472930908203125,1.0,31139.54,11.24,303.23,387999.34,0.0,0.0,85954.93,,0
124.83,59600.36,71838.49,-559507.86,725.81,0.474334716796875,1.0,31071.69,10.84,303.23,387999.38,0.0,0.0,85954.93,,0
125.35,59815.45,71867.95,-558795.4,728.8,0.477752685546875,1.0,31003.85,10.46,303.23,387999.38,0.0,0.0,85954.93,,0
125.87,60028.63,71897.35,-558073.82,731.87,0.477630615234375,1.0,30935.99,10.1,303.23,387999.41,0.0,0.0,85954.93,,0
126.38,60231.81,71925.52,-557371.31,734.89,0.47491455078125,1.0,30870.76,9.76,303.23,387999.41,0.0,0.0,85954.93,,0
126.88,60441.26,71954.71,-556631.57,738.11,0.47174072265625,1.0,30802.91,9.43,303.23,387999.44,0.0,0.0,85954.93,,0
127.4,60640.87,71982.66,-555911.4,741.27,0.46966552734375,1.0,30737.66,9.12,303.23,387999.47,0.0,0.0,85954.93,,0
127.91,60846.61,72011.64,-555153.08,744.63,0.468536376953125,1.0,30669.82,8.82,303.23,387999.47,0.0,0.0,85954.93,,0
128.42,61050.46,72040.52,-554385.13,748.07,0.46807861328125,1.0,30601.97,8.53,303.23,387999.5,0.0,0.0,85954.93,,0
128.95,61244.71,72068.21,-553637.54,751.44,0.46783447265625,1.0,30534.12,8.25,303.23,387999.53,0.0,0.0,85954.93,,0
129.46,61452.55,72098.0,-552819.92,755.16,0.467926025390625,1.0,30466.27,7.99,303.23,387999.53,0.0,0.0,85954.93,,0
129.99,61650.8,72126.59,-552022.42,758.81,0.4681396484375,1.0,30398.42,7.73,303.23,387999.56,0.0,0.0,85954.93,,0
130.51,61839.66,72153.98,-551246.1,762.39,0.46844482421875,1.0,30330.57,7.49,303.23,387999.56,0.0,0.0,85954.93,,0
131.02,62034.26,72182.36,-550428.73,766.18,0.468902587890625,1.0,30265.33,7.27,303.23,387999.59,0.0,0.0,85954.93,,0
131.53,62219.63,72209.56,-549633.08,769.89,0.4696044921875,1.0,30200.09,7.06,303.23,387999.62,0.0,0.0,85954.93,,0
132.03,62410.61,72237.74,-548795.38,773.82,0.47052001953125,1.0,30132.24,6.85,303.23,387999.62,0.0,0.0,85954.93,,0
132.54,62592.52,72264.74,-547979.96,777.66,0.47125244140625,1.0,30067.0,6.64,303.23,387999.62,0.0,0.0,85954.93,,0
133.05,62772.73,72291.63,-547154.67,781.57,0.47198486328125,1.0,30001.76,6.44,303.23,387999.66,0.0,0.0,85954.93,,0
133.55,62958.35,72319.49,-546285.79,785.69,0.4730224609375,1.0,29933.91,6.23,303.23,387999.69,0.0,0.0,85954.93,,0
134.1,63149.2,72348.3,-545371.95,790.05,0.47406005859375,1.0,29863.45,6.02,303.23,387999.69,0.0,0.0,85954.93,,0
134.6,63331.12,72375.93,-544480.68,794.31,0.475067138671875,1.0,29795.6,5.82,303.23,387999.69,0.0,0.0,85954.93,,0
135.13,63511.24,72403.44,-543578.24,798.63,0.47607421875,1.0,29727.75,5.61,303.23,387999.72,0.0,0.0,85954.93,,0
135.65,63689.56,72430.83,-542664.48,803.02,0.47711181640625,1.0,29659.9,5.42,303.23,387999.75,0.0,0.0,85954.93,,0
136.16,63859.33,72457.05,-541775.06,807.3,0.47821044921875,1.0,29594.66,5.23,303.23,387999.75,0.0,0.0,85954.93,,0
136.67,64034.13,72484.2,-540838.7,811.81,0.47943115234375,1.0,29526.81,5.03,303.23,387999.75,0.0,0.0,85954.93,,0
137.19,64207.15,72511.23,-539890.61,816.39,0.480621337890625,1.0,29458.96,4.84,303.23,387999.75,0.0,0.0,85954.93,,0
137.71,64378.4,72538.12,-538930.64,821.02,0.481689453125,1.0,29391.11,4.65,303.23,387999.81,0.0,0.0,85954.93,,0
138.23,64547.87,72564.89,-537958.66,825.72,0.48260498046875,1.0,29323.26,4.46,303.23,387999.81,0.0,0.0,85954.93,,0
138.74,64709.17,72590.5,-537012.59,830.29,0.483428955078125,1.0,29258.02,4.28,303.23,387999.81,0.0,0.0,85954.93,,0
139.25,64875.19,72617.01,-536016.59,835.11,0.484588623046875,1.0,29190.18,4.1,303.23,387999.81,0.0,0.0,85954.93,,0
139.77,65039.46,72643.38,-535008.13,839.98,0.48577880859375,1.0,29122.33,3.92,303.23,387999.81,0.0,0.0,85954.93,,0
140.29,65201.99,72669.61,-533987.05,844.91,0.487030029296875,1.0,29054.48,3.74,303.23,387999.81,0.0,0.0,85954.93,,0
140.81,65362.78,72695.71,-532953.18,849.9,0.488189697265625,1.0,28986.63,3.56,303.23,387999.84,0.0,0.0,85954.93,,0
141.33,65521.83,72721.66,-531906.36,854.95,0.489288330078125,1.0,28918.78,3.39,303.23,387999.84,0.0,0.0,85954.93,,0
141.85,65679.16,72747.47,-530846.44,860.05,0.490386962890625,1.0,28850.93,3.22,303.23,387999.84,0.0,0.0,85954.93,,0
142.37,65834.78,72773.13,-529773.24,865.21,0.491607666015625,1.0,28783.08,3.05,303.23,387999.84,0.0,0.0,85954.93,,0
142.89,65982.79,72797.67,-528728.63,870.22,0.4925537109375,1.0,28717.84,2.89,303.23,387999.88,0.0,0.0,85954.93,,0
143.39,66135.05,72823.05,-527628.89,875.49,0.493682861328125,1.0,28649.99,2.73,303.23,387999.88,0.0,0.0,85954.93,,0
143.9,66279.85,72847.31,-526558.44,880.6,0.494659423828125,1.0,28584.75,2.58,303.23,387999.88,0.0,0.0,85954.93,,0
144.41,66428.78,72872.39,-525431.47,885.98,0.49566650390625,1.0,28516.9,2.43,303.23,387999.88,0.0,0.0,85954.93,,0
144.93,66576.03,72897.31,-524290.35,891.4,0.4967041015625,1.0,28449.05,2.27,303.23,387999.88,0.0,0.0,85954.93,,0
145.45,66721.6,72922.08,-523134.9,896.88,0.497833251953125,1.0,28381.2,2.13,303.23,387999.91,0.0,0.0,85954.93,,0
145.97,66865.5,72946.7,-521964.93,902.41,0.4989013671875,1.0,28313.35,1.98,303.23,387999.91,0.0,0.0,85954.93,,0
146.49,67007.73,72971.15,-520780.24,907.99,0.500091552734375,1.0,28245.5,1.84,303.23,387999.94,0.0,0.0,85954.93,,0
147.01,67148.3,72995.45,-519580.64,913.62,0.500885009765625,1.0,28177.65,1.71,303.23,387999.94,0.0,0.0,85954.93,,0
147.53,67287.22,73019.58,-518365.93,919.3,0.501739501953125,1.0,28109.8,1.58,303.23,387999.94,0.0,0.0,85954.93,,0
148.05,67424.5,73043.55,-517135.9,925.03,0.502838134765625,1.0,28041.95,1.45,303.23,387999.94,0.0,0.0,85954.93,,0
148.57,67560.14,73067.36,-515890.34,930.81,0.50384521484375,1.0,27974.1,1.33,303.23,387999.94,0.0,0.0,85954.93,,0
149.09,67694.15,73091.0,-514629.04,936.64,0.504974365234375,1.0,27906.25,1.21,303.23,387999.94,0.0,0.0,85954.93,,0
149.61,67826.53,73114.47,-513351.8,942.51,0.506072998046875,1.0,27838.4,1.09,303.23,387999.94,0.0,0.0,85954.93,,0
150.13,67957.3,73137.78,-512058.38,948.44,0.506988525390625,1.0,27770.55,0.99,303.23,387999.97,0.0,0.0,85954.93,,0
150.65,68086.46,73160.91,-510748.56,954.41,0.507965087890625,1.0,27702.71,0.88,303.23,387999.97,0.0,0.0,85954.93,,0
151.17,68214.02,73183.88,-509422.12,960.43,0.5089111328125,1.0,27634.86,0.78,303.23,387999.97,0.0,0.0,85954.93,,0
151.69,68339.98,73206.67,-508078.82,966.49,0.510009765625,1.0,27567.01,0.69,303.23,388000.0,0.0,0.0,85954.93,,0
152.21,68464.36,73229.29,-506718.43,972.6,0.511077880859375,1.0,27499.16,0.6,303.23,388000.0,0.0,0.0,85954.93,,0
152.73,68587.15,73251.74,-505340.7,978.76,0.511932373046875,1.0,27431.31,0.52,303.23,388000.0,0.0,0.0,85954.93,,0
153.25,68708.38,73274.01,-503945.39,984.96,0.51275634765625,1.0,27363.46,0.44,303.23,388000.0,0.0,0.0,85954.93,,0
153.76,68823.46,73295.25,-502586.94,990.96,0.5135498046875,1.0,27295.61,0.37,303.23,388000.0,0.0,0.0,85954.93,,0
154.29,68946.14,73318.01,-501101.02,997.49,0.514495849609375,1.0,27227.76,0.31,303.23,388000.0,0.0,0.0,85954.93,,0
154.81,69062.69,73339.74,-499651.43,1003.82,0.515594482421875,1.0,27159.91,0.25,303.23,388000.0,0.0,0.0,85954.93,,0
155.33,69177.7,73361.29,-498183.23,1010.2,0.516632080078125,1.0,27092.06,0.19,303.23,388000.0,0.0,0.0,85954.93,,0
155.85,69291.18,73382.67,-496696.15,1016.62,0.517730712890625,1.0,27024.21,0.15,303.23,388000.0,0.0,0.0,85954.93,,0
156.37,69403.13,73403.86,-495189.89,1023.08,0.5184326171875,1.0,26956.36,0.11,303.23,388000.0,0.0,0.0,85954.93,,0
156.89,69513.56,73424.87,-493664.19,1029.58,0.51922607421875,1.0,26888.51,0.07,303.23,388000.0,0.0,0.0,85954.93,,0
157.41,69622.48,73445.69,-492118.75,1036.13,0.52008056640625,1.0,26820.66,0.04,303.23,388000.0,0.0,0.0,85954.93,,0
157.93,69729.89,73466.33,-490553.28,1042.71,0.521087646484375,1.0,26752.81,0.02,303.23,388000.0,0.0,0.0,85954.93,,0
158.45,69835.82,73486.78,-488967.47,1049.34,0.522186279296875,1.0,26684.96,0.01,303.23,388000.0,0.0,0.0,85954.93,,0
158.97,69940.25,73507.05,-487361.03,1056.01,0.523223876953125,1.0,26617.11,0.0,303.23,388000.0,0.0,0.0,85954.93,,0
159.49,70043.22,73527.14,-485733.64,1062.72,0.52398681640625,1.0,26549.26,0.0,303.23,388000.0,0.0,0.0,85954.93,,0
160.01,70144.74,73547.08,-484084.97,1069.47,0.52471923828125,1.0,26481.41,0.0,303.23,388000.0,0.0,0.0,85954.93,,0
160.53,70240.97,73566.06,-482479.34,1076.0,0.52557373046875,1.0,26413.56,0.0,303.23,388000.0,0.0,0.0,85954.93,,0
161.05,70339.63,73585.62,-480788.0,1082.83,0.5264892578125,1.0,26348.32,0.0,303.23,388000.0,0.0,0.0,85954.93,,0
161.55,70433.13,73604.25,-479140.71,1089.43,0.52752685546875,1.0,26283.09,0.0,303.23,388000.0,0.0,0.0,85954.93,,0
162.05,70528.96,73623.44,-477405.38,1096.33,0.528564453125,1.0,26215.24,0.0,303.23,388000.0,0.0,0.0,85954.93,,0
162.56,70619.75,73641.71,-475715.15,1103.01,0.529510498046875,1.0,26150.0,0.0,303.23,388000.0,0.0,0.0,85954.93,,0
163.07,70709.23,73659.81,-474003.38,1109.72,0.5301513671875,1.0,26084.76,0.0,303.23,388000.0,0.0,0.0,85954.93,,0
163.57,70800.9,73678.44,-472199.95,1116.73,0.530731201171875,1.0,26016.91,0.0,303.23,388000.0,0.0,0.0,85954.93,,0
164.09,70891.14,73696.85,-470372.49,1123.79,0.531494140625,1.0,25949.06,0.0,303.23,388000.0,0.0,0.0,85954.93,,0
164.6,70976.61,73714.39,-468592.29,1130.61,0.532470703125,1.0,25883.82,0.0,303.23,388000.0,0.0,0.0,85954.93,,0
165.11,71060.8,73731.76,-466789.18,1137.46,0.533447265625,1.0,25818.58,0.0,303.23,388000.0,0.0,0.0,85954.93,,0
165.61,71147.01,73749.63,-464889.23,1144.63,0.534454345703125,1.0,25750.73,0.0,303.23,388000.0,0.0,0.0,85954.93,,0
166.12,71228.6,73766.64,-463038.24,1151.55,0.535247802734375,1.0,25685.49,0.0,303.23,388000.0,0.0,0.0,85954.93,,0
166.63,71312.13,73784.13,-461087.7,1158.79,0.53594970703125,1.0,25617.64,0.0,303.23,388000.0,0.0,0.0,85954.93,,0
167.14,71391.16,73800.77,-459187.27,1165.78,0.5367431640625,1.0,25552.4,0.0,303.23,388000.0,0.0,0.0,85954.93,,0
167.65,71472.04,73817.88,-457184.48,1173.09,0.53753662109375,1.0,25484.55,0.0,303.23,388000.0,0.0,0.0,85954.93,,0
168.17,71551.57,73834.79,-455154.4,1180.43,0.53851318359375,1.0,25416.7,0.0,303.23,388000.0,0.0,0.0,85954.93,,0
168.69,71629.79,73851.52,-453096.57,1187.81,0.5394287109375,1.0,25348.85,0.0,303.23,388000.0,0.0,0.0,85954.93,,0
169.21,71706.68,73868.04,-451010.5,1195.23,0.5401611328125,1.0,25281.0,0.0,303.23,388000.0,0.0,0.0,85954.93,,0
169.73,71782.26,73884.38,-448895.74,1202.68,0.540740966796875,1.0,25213.15,0.0,303.23,388000.0,0.0,0.0,85954.93,,0
170.24,71853.71,73899.89,-446834.77,1209.88,0.541412353515625,1.0,25147.91,0.0,303.23,388000.0,0.0,0.0,85954.93,,0
170.74,71923.97,73915.23,-444746.37,1217.11,0.542510986328125,1.0,25082.67,0.0,303.23,388000.0,0.0,0.0,85954.93,,0
171.25,71995.78,73931.0,-442544.83,1224.66,0.543731689453125,1.0,25014.82,0.0,303.23,388000.0,0.0,0.0,85954.93,,0
171.77,72066.32,73946.57,-440312.58,1232.25,0.544586181640625,1.0,24946.97,0.0,303.23,388000.0,0.0,0.0,85954.93,,0
172.28,72132.95,73961.35,-438136.73,1239.58,0.545013427734375,1.0,24881.73,0.0,303.23,388000.0,0.0,0.0,85954.93,,0
172.79,72198.42,73975.94,-435931.51,1246.95,0.5455322265625,1.0,24816.49,0.0,303.23,388000.0,0.0,0.0,85954.93,,0
173.29,72265.29,73990.94,-433606.37,1254.64,0.546478271484375,1.0,24748.64,0.0,303.23,388000.0,0.0,0.0,85954.93,,0
173.81,72328.43,74005.18,-431339.65,1262.07,0.547515869140625,1.0,24683.4,0.0,303.23,388000.0,0.0,0.0,85954.93,,0
174.31,72392.89,74019.8,-428949.42,1269.82,0.548614501953125,1.0,24615.55,0.0,303.23,388000.0,0.0,0.0,85954.93,,0
174.83,72453.73,74033.67,-426619.01,1277.32,0.54925537109375,1.0,24550.31,0.0,303.23,388000.0,0.0,0.0,85954.93,,0
175.33,72515.82,74047.91,-424161.37,1285.14,0.549652099609375,1.0,24482.46,0.0,303.23,388000.0,0.0,0.0,85954.93,,0
175.85,72576.72,74061.96,-421668.42,1293.0,0.550323486328125,1.0,24414.61,0.0,303.23,388000.0,0.0,0.0,85954.93,,0
176.37,72636.43,74075.81,-419139.52,1300.89,0.551300048828125,1.0,24346.77,0.0,303.23,388000.0,0.0,0.0,85954.93,,0
176.89,72694.96,74089.47,-416573.99,1308.82,0.55230712890625,1.0,24278.91,0.0,303.23,388000.0,0.0,0.0,85954.93,,0
177.41,72752.33,74102.94,-413971.15,1316.78,0.553192138671875,1.0,24211.07,0.0,303.23,388000.0,0.0,0.0,85954.93,,0
177.93,72808.53,74116.21,-411330.29,1324.78,0.5537109375,1.0,24143.22,0.0,303.23,388000.0,0.0,0.0,85954.93,,0
178.45,72863.61,74129.29,-408650.7,1332.8,0.554290771484375,1.0,24075.37,0.0,303.23,388000.0,0.0,0.0,85954.93,,0
178.97,72917.53,74142.17,-405931.64,1340.86,0.555145263671875,1.0,24007.52,0.0,303.23,388000.0,0.0,0.0,85954.93,,0
179.48,72968.33,74154.38,-403279.22,1348.65,0.55621337890625,1.0,23942.28,0.0,303.23,388000.0,0.0,0.0,85954.93,,0
179.99,73018.1,74166.43,-400588.9,1356.46,0.557220458984375,1.0,23877.04,0.0,303.23,388000.0,0.0,0.0,85954.93,,0
180.49,73068.79,74178.78,-397750.02,1364.62,0.55780029296875,1.0,23809.19,0.0,303.23,388000.0,0.0,0.0,85954.93,,0
181.0,73116.5,74190.47,-394980.18,1372.49,0.55816650390625,1.0,23743.95,0.0,303.23,388000.0,0.0,0.0,85954.93,,0
181.51,73163.21,74201.99,-392170.24,1380.4,0.558807373046875,1.0,23678.71,0.0,303.23,388000.0,0.0,0.0,85954.93,,0
182.02,73210.74,74213.79,-389204.53,1388.65,0.559814453125,1.0,23610.86,0.0,303.23,388000.0,0.0,0.0,85954.93,,0
182.53,73257.2,74225.41,-386193.73,1396.94,0.5606689453125,1.0,23543.01,0.0,303.23,388000.0,0.0,0.0,85954.93,,0
183.04,73300.9,74236.41,-383255.35,1404.94,0.561370849609375,1.0,23477.77,0.0,303.23,388000.0,0.0,0.0,85954.93,,0
183.55,73345.32,74247.66,-380153.43,1413.29,0.562042236328125,1.0,23409.92,0.0,303.23,388000.0,0.0,0.0,85954.93,,0
184.07,73388.72,74258.74,-377003.64,1421.67,0.562774658203125,1.0,23342.07,0.0,303.23,388000.0,0.0,0.0,85954.93,,0
184.59,73431.1,74269.63,-373805.01,1430.09,0.56378173828125,1.0,23274.22,0.0,303.23,388000.0,0.0,0.0,85954.93,,0
185.11,73472.48,74280.35,-370556.53,1438.54,0.564544677734375,1.0,23206.37,0.0,303.23,388000.0,0.0,0.0,85954.93,,0
185.63,73512.87,74290.89,-367257.13,1447.02,0.5650634765625,1.0,23138.52,0.0,303.23,388000.0,0.0,0.0,85954.93,,0
186.15,73552.29,74301.25,-363905.77,1455.54,0.565521240234375,1.0,23070.67,0.0,303.23,388000.0,0.0,0.0,85954.93,,0
186.67,73590.73,74311.43,-360501.32,1464.09,0.56622314453125,1.0,23002.82,0.0,303.23,388000.0,0.0,0.0,85954.93,,0
187.19,73628.22,74321.44,-357042.66,1472.67,0.567291259765625,1.0,22934.97,0.0,303.23,388000.0,0.0,0.0,85954.93,,0
187.71,73664.76,74331.28,-353528.63,1481.28,0.56817626953125,1.0,22867.12,0.0,303.23,388000.0,0.0,0.0,85954.93,,0
188.23,73700.37,74340.95,-349958.02,1489.93,0.56854248046875,1.0,22799.27,0.0,303.23,388000.0,0.0,0.0,85954.93,,0
188.75,73735.06,74350.45,-346329.59,1498.6,0.569061279296875,1.0,22731.42,0.0,303.23,388000.0,0.0,0.0,85954.93,,0
189.27,73768.85,74359.78,-342642.07,1507.32,0.570037841796875,1.0,22663.57,0.0,303.23,388000.0,0.0,0.0,85954.93,,0
189.79,73801.73,74368.95,-338894.15,1516.06,0.571014404296875,1.0,22595.72,0.0,303.23,388000.0,0.0,0.0,85954.93,,0
190.31,73833.74,74377.95,-335084.47,1524.84,0.57177734375,1.0,22527.88,0.0,303.23,388000.0,0.0,0.0,85954.93,,0
190.83,73864.88,74386.79,-331211.66,1533.64,0.572265625,1.0,22460.03,0.0,303.23,388000.0,0.0,0.0,85954.93,,0
191.35,73895.16,74395.47,-327274.26,1542.49,0.57281494140625,1.0,22392.18,0.0,303.23,388000.0,0.0,0.0,85954.93,,0
191.87,73924.59,74403.99,-323270.81,1551.36,0.573883056640625,1.0,22324.33,0.0,303.23,388000.0,0.0,0.0,85954.93,,0
192.39,73953.19,74412.36,-319199.77,1560.27,0.57476806640625,1.0,22256.48,0.0,303.23,388000.0,0.0,0.0,85954.93,,0
192.91,73980.98,74420.57,-315059.58,1569.21,0.57525634765625,1.0,22188.63,0.0,303.23,388000.0,0.0,0.0,85954.93,,0
193.43,74007.95,74428.63,-310848.62,1578.18,0.575714111328125,1.0,22120.78,0.0,303.23,388000.0,0.0,0.0,85954.93,,0
193.95,74033.13,74436.23,-306731.31,1586.84,0.576324462890625,1.0,22055.54,0.0,303.23,388000.0,0.0,0.0,85954.93,,0
194.45,74058.55,74443.99,-302376.61,1595.88,0.57733154296875,1.0,21987.69,0.0,303.23,388000.0,0.0,0.0,85954.93,,0
194.96,74082.28,74451.33,-298117.84,1604.6,0.578033447265625,1.0,21922.45,0.0,303.23,388000.0,0.0,0.0,85954.93,,0
195.47,74106.23,74458.82,-293612.53,1613.7,0.57855224609375,1.0,21854.6,0.0,303.23,388000.0,0.0,0.0,85954.93,,0
195.99,74129.43,74466.17,-289027.67,1622.83,0.579193115234375,1.0,21786.75,0.0,303.23,388000.0,0.0,0.0,85954.93,,0
196.51,74151.91,74473.39,-284361.29,1632.0,0.580230712890625,1.0,21718.9,0.0,303.23,388000.0,0.0,0.0,85954.93,,0
197.03,74173.67,74480.48,-279611.38,1641.2,0.5810546875,1.0,21651.05,0.0,303.23,388000.0,0.0,0.0,85954.93,,0
197.55,74194.74,74487.45,-274775.83,1650.44,0.58135986328125,1.0,21583.2,0.0,303.23,388000.0,0.0,0.0,85954.93,,0
198.07,74215.12,74494.28,-269852.48,1659.7,0.581756591796875,1.0,21515.35,0.0,303.23,388000.0,0.0,0.0,85954.93,,0
198.59,74234.83,74500.99,-264839.1,1669.0,0.58245849609375,1.0,21447.5,0.0,303.23,388000.0,0.0,0.0,85954.93,,0
199.11,74253.88,74507.59,-259733.37,1678.34,0.583404541015625,1.0,21379.65,0.0,303.23,388000.0,0.0,0.0,85954.93,,0
199.63,74272.3,74514.07,-254532.89,1687.71,0.584075927734375,1.0,21311.8,0.0,303.23,388000.0,0.0,0.0,85954.93,,0
200.15,74290.08,74520.44,-249235.18,1697.11,0.584503173828125,1.0,21243.95,0.0,303.23,388000.0,0.0,0.0,85954.93,,0
200.67,74307.25,74526.71,-243837.68,1706.54,0.585205078125,1.0,21176.11,0.0,303.23,388000.0,0.0,0.0,85954.93,,0
201.19,74323.82,74532.88,-238337.73,1716.01,0.58612060546875,1.0,21108.26,0.0,303.23,388000.0,0.0,0.0,85954.93,,0
201.71,74339.81,74538.95,-232732.57,1725.51,0.586883544921875,1.0,21040.41,0.0,303.23,388000.0,0.0,0.0,85954.93,,0
202.23,74355.23,74544.94,-227019.34,1735.05,0.5872802734375,1.0,20972.56,0.0,303.23,388000.0,0.0,0.0,85954.93,,0
202.75,74370.1,74550.84,-221195.08,1744.62,0.588104248046875,1.0,20904.71,0.0,303.23,388000.0,0.0,0.0,85954.93,,0
203.27,74383.34,74556.22,-215717.65,1753.48,0.589080810546875,1.0,20842.08,0.0,303.23,388000.0,0.0,0.0,85954.93,,0
203.78,74397.7,74562.2,-209436.22,1763.49,0.58966064453125,1.0,20771.62,0.0,303.23,388000.0,0.0,0.0,85954.93,,0
204.28,74410.52,74567.68,-203504.34,1772.79,0.589813232421875,1.0,20706.38,0.0,303.23,388000.0,0.0,0.0,85954.93,,0
204.79,74423.36,74573.33,-197213.78,1782.5,0.59027099609375,1.0,20638.53,0.0,303.23,388000.0,0.0,0.0,85954.93,,0
205.31,74435.73,74578.93,-190795.91,1792.23,0.591278076171875,1.0,20570.68,0.0,303.23,388000.0,0.0,0.0,85954.93,,0
205.83,74447.63,74584.49,-184247.06,1802.01,0.59210205078125,1.0,20502.83,0.0,303.23,388000.0,0.0,0.0,85954.93,,0
206.35,74459.09,74590.04,-177563.39,1811.82,0.59246826171875,1.0,20434.98,0.0,303.23,388000.0,0.0,0.0,85954.93,,0
206.87,74470.11,74595.57,-170740.92,1821.66,0.593017578125,1.0,20367.13,0.0,303.23,388000.0,0.0,0.0,85954.93,,0
207.39,74480.73,74601.1,-163775.5,1831.54,0.594024658203125,1.0,20299.28,0.0,303.23,388000.0,0.0,0.0,85954.93,,0
207.91,74490.94,74606.65,-156662.82,1841.45,0.59478759765625,1.0,20231.43,0.0,303.23,388000.0,0.0,0.0,85954.93,,0
208.43,74500.78,74612.24,-149398.41,1851.4,0.595123291015625,1.0,20163.58,0.0,303.23,388000.0,0.0,0.0,85954.93,,0
208.95,74509.88,74617.66,-142265.96,1861.0,0.595611572265625,1.0,20098.34,0.0,303.23,388000.0,0.0,0.0,85954.93,,0
209.46,74519.01,74623.38,-134690.17,1871.02,0.59649658203125,1.0,20030.49,0.0,303.23,388000.0,0.0,0.0,85954.93,,0
209.97,74527.48,74628.98,-127249.17,1880.69,0.59710693359375,1.0,19965.25,0.0,303.23,388000.0,0.0,0.0,85954.93,,0
210.47,74535.99,74634.95,-119342.56,1890.78,0.597320556640625,1.0,19897.4,0.0,303.23,388000.0,0.0,0.0,85954.93,,0
210.99,74544.19,74641.1,-111259.3,1900.9,0.59796142578125,1.0,19829.55,0.0,303.23,388000.0,0.0,0.0,85954.93,,0
211.51,74552.11,74647.47,-102993.67,1911.06,0.599090576171875,1.0,19761.7,0.0,303.23,388000.0,0.0,0.0,85954.93,,0
212.03,74559.77,74654.14,-94539.75,1921.26,0.59979248046875,1.0,19693.85,0.0,303.23,388000.0,0.0,0.0,85954.93,,0
212.55,74567.19,74661.17,-85891.3,1931.49,0.600128173828125,1.0,19626.01,0.0,303.23,388000.0,0.0,0.0,85954.93,,0
213.08,74574.38,74668.65,-77041.89,1941.76,0.600616455078125,1.0,19558.15,0.0,303.23,388000.0,0.0,0.0,85954.93,,0
213.59,74581.34,74676.7,-67984.76,1952.07,0.60137939453125,1.0,19490.3,0.0,303.23,388000.0,0.0,0.0,85954.93,,0
214.11,74588.12,74685.5,-58712.92,1962.41,0.60198974609375,1.0,19422.46,0.0,303.23,388000.0,0.0,0.0,85954.93,,0
214.63,74594.74,74695.25,-49219.07,1972.79,0.60247802734375,1.0,19354.61,0.0,303.23,388000.0,0.0,0.0,85954.93,,0
215.15,74601.19,74706.25,-39495.66,1983.21,0.6031494140625,1.0,19286.76,0.0,303.23,388000.0,0.0,0.0,85954.93,,0
215.67,74607.51,74718.93,-29534.89,1993.67,0.60382080078125,1.0,19218.91,0.0,303.23,388000.0,0.0,0.0,85954.93,,0
216.19,74613.71,74733.93,-19328.76,2004.16,0.604339599609375,1.0,19151.06,0.0,303.23,388000.0,0.0,0.0,85954.93,,0
216.71,74619.8,74752.22,-8869.21,2014.69,0.60491943359375,1.0,19083.21,0.0,303.23,388000.0,0.0,0.0,85954.93,,0
217.24,74625.82,74775.43,1851.65,2025.26,0.605712890625,1.0,19015.36,0.0,303.23,388000.0,0.0,0.0,85954.93,,0
217.75,74631.78,74806.4,12840.92,2035.87,0.606292724609375,1.0,18947.51,0.0,303.23,388000.0,0.0,0.0,85954.93,,0
218.26,74637.46,74848.63,23665.28,2046.1,0.606597900390625,1.0,18882.27,0.0,303.23,388000.0,0.0,0.0,85954.93,,0
218.77,74643.13,74913.89,34741.42,2056.37,0.607025146484375,1.0,18817.03,0.0,303.23,388000.0,0.0,0.0,85954.93,,0
219.27,74649.01,75037.02,46507.91,2067.1,0.607879638671875,1.0,18749.18,0.0,303.23,388000.0,0.0,0.0,85954.93,,0
219.78,74654.69,75319.69,57959.64,2077.44,0.608612060546875,1.0,18683.94,0.0,303.23,388000.0,0.0,0.0,85954.93,,0
220.29,74660.62,76706.79,69102.84,2088.24,0.609100341796875,1.0,18616.09,0.0,303.23,388000.0,0.0,0.0,85954.93,,0
220.81,74666.6,85139.38,73546.79,2099.07,0.609619140625,1.0,18548.24,0.0,303.23,388000.0,0.0,0.0,85954.93,,0
220.83,74666.6,85139.38,73546.79,2099.07,0.609619140625,1.0,18548.24,0.0,303.23,388000.0,0.0,0.0,85954.93,18548.24,1
